-- =============================================================
-- 全栈商城系统 — 测试数据脚本
-- 适用数据库：MySQL 8.0
-- 执行方式：mysql -u root -p mall < seed-data.sql
-- 或直接在 Docker 容器内执行：
--   docker exec -i mall-mysql mysql -uroot -proot123 mall < seed-data.sql
-- =============================================================
-- 禁用外键检查以方便插入
SET FOREIGN_KEY_CHECKS = 0;
-- =============================================================
-- 1. 用户数据 (user) — 20 个用户
-- =============================================================
TRUNCATE TABLE user;
INSERT INTO user (
    id,
    username,
    password,
    phone,
    email,
    avatar,
    role,
    status,
    login_attempts,
    lock_until,
    created_at,
    updated_at
  )
VALUES (
    1,
    'admin',
    '$2b$12$kwiDlYJJKyCSP6HEooGGTubQLSTbu77caZ5Wz1VMl7M1.scfFxqri',
    '13800000001',
    'admin@mall.com',
    'https://api.dicebear.com/7.x/avataaars/svg?seed=admin',
    3,
    1,
    0,
    NULL,
    NOW() - INTERVAL 180 DAY,
    NOW()
  ),
  (
    2,
    'operator1',
    '$2b$12$kwiDlYJJKyCSP6HEooGGTubQLSTbu77caZ5Wz1VMl7M1.scfFxqri',
    '13800000002',
    'op1@mall.com',
    'https://api.dicebear.com/7.x/avataaars/svg?seed=operator',
    2,
    1,
    0,
    NULL,
    NOW() - INTERVAL 150 DAY,
    NOW()
  ),
  (
    3,
    'zhangsan',
    '$2b$12$kwiDlYJJKyCSP6HEooGGTubQLSTbu77caZ5Wz1VMl7M1.scfFxqri',
    '13912345678',
    'zhangsan@email.com',
    'https://api.dicebear.com/7.x/avataaars/svg?seed=zhangsan',
    1,
    1,
    0,
    NULL,
    NOW() - INTERVAL 120 DAY,
    NOW()
  ),
  (
    4,
    'lisi',
    '$2b$12$kwiDlYJJKyCSP6HEooGGTubQLSTbu77caZ5Wz1VMl7M1.scfFxqri',
    '13912345679',
    'lisi@email.com',
    'https://api.dicebear.com/7.x/avataaars/svg?seed=lisi',
    1,
    1,
    0,
    NULL,
    NOW() - INTERVAL 100 DAY,
    NOW()
  ),
  (
    5,
    'wangwu',
    '$2b$12$kwiDlYJJKyCSP6HEooGGTubQLSTbu77caZ5Wz1VMl7M1.scfFxqri',
    '13912345680',
    'wangwu@email.com',
    'https://api.dicebear.com/7.x/avataaars/svg?seed=wangwu',
    1,
    1,
    0,
    NULL,
    NOW() - INTERVAL 90 DAY,
    NOW()
  ),
  (
    6,
    'zhaoliu',
    '$2b$12$kwiDlYJJKyCSP6HEooGGTubQLSTbu77caZ5Wz1VMl7M1.scfFxqri',
    '13912345681',
    'zhaoliu@email.com',
    'https://api.dicebear.com/7.x/avataaars/svg?seed=zhaoliu',
    1,
    1,
    0,
    NULL,
    NOW() - INTERVAL 80 DAY,
    NOW()
  ),
  (
    7,
    'sunqi',
    '$2b$12$kwiDlYJJKyCSP6HEooGGTubQLSTbu77caZ5Wz1VMl7M1.scfFxqri',
    '13912345682',
    'sunqi@email.com',
    'https://api.dicebear.com/7.x/avataaars/svg?seed=sunqi',
    1,
    1,
    0,
    NULL,
    NOW() - INTERVAL 75 DAY,
    NOW()
  ),
  (
    8,
    'zhouba',
    '$2b$12$kwiDlYJJKyCSP6HEooGGTubQLSTbu77caZ5Wz1VMl7M1.scfFxqri',
    '13912345683',
    'zhouba@email.com',
    'https://api.dicebear.com/7.x/avataaars/svg?seed=zhouba',
    1,
    1,
    0,
    NULL,
    NOW() - INTERVAL 60 DAY,
    NOW()
  ),
  (
    9,
    'wujiu',
    '$2b$12$kwiDlYJJKyCSP6HEooGGTubQLSTbu77caZ5Wz1VMl7M1.scfFxqri',
    '13912345684',
    'wujiu@email.com',
    'https://api.dicebear.com/7.x/avataaars/svg?seed=wujiu',
    1,
    1,
    0,
    NULL,
    NOW() - INTERVAL 50 DAY,
    NOW()
  ),
  (
    10,
    'zhengshi',
    '$2b$12$kwiDlYJJKyCSP6HEooGGTubQLSTbu77caZ5Wz1VMl7M1.scfFxqri',
    '13912345685',
    'zhengshi@email.com',
    'https://api.dicebear.com/7.x/avataaars/svg?seed=zhengshi',
    1,
    1,
    0,
    NULL,
    NOW() - INTERVAL 45 DAY,
    NOW()
  ),
  (
    11,
    'liuyi',
    '$2b$12$kwiDlYJJKyCSP6HEooGGTubQLSTbu77caZ5Wz1VMl7M1.scfFxqri',
    '13912345686',
    'liuyi@email.com',
    'https://api.dicebear.com/7.x/avataaars/svg?seed=liuyi',
    1,
    1,
    0,
    NULL,
    NOW() - INTERVAL 40 DAY,
    NOW()
  ),
  (
    12,
    'chener',
    '$2b$12$kwiDlYJJKyCSP6HEooGGTubQLSTbu77caZ5Wz1VMl7M1.scfFxqri',
    '13912345687',
    'chener@email.com',
    'https://api.dicebear.com/7.x/avataaars/svg?seed=chener',
    1,
    1,
    0,
    NULL,
    NOW() - INTERVAL 35 DAY,
    NOW()
  ),
  (
    13,
    'huangshan',
    '$2b$12$kwiDlYJJKyCSP6HEooGGTubQLSTbu77caZ5Wz1VMl7M1.scfFxqri',
    '13912345688',
    'huangshan@email.com',
    'https://api.dicebear.com/7.x/avataaars/svg?seed=huangshan',
    1,
    1,
    0,
    NULL,
    NOW() - INTERVAL 30 DAY,
    NOW()
  ),
  (
    14,
    'linqian',
    '$2b$12$kwiDlYJJKyCSP6HEooGGTubQLSTbu77caZ5Wz1VMl7M1.scfFxqri',
    '13912345689',
    'linqian@email.com',
    'https://api.dicebear.com/7.x/avataaars/svg?seed=linqian',
    1,
    1,
    0,
    NULL,
    NOW() - INTERVAL 25 DAY,
    NOW()
  ),
  (
    15,
    'hexia',
    '$2b$12$kwiDlYJJKyCSP6HEooGGTubQLSTbu77caZ5Wz1VMl7M1.scfFxqri',
    '13912345690',
    'hexia@email.com',
    'https://api.dicebear.com/7.x/avataaars/svg?seed=hexia',
    1,
    1,
    0,
    NULL,
    NOW() - INTERVAL 20 DAY,
    NOW()
  ),
  (
    16,
    'gouche',
    '$2b$12$kwiDlYJJKyCSP6HEooGGTubQLSTbu77caZ5Wz1VMl7M1.scfFxqri',
    '13912345691',
    'gouche@email.com',
    'https://api.dicebear.com/7.x/avataaars/svg?seed=gouche',
    1,
    1,
    0,
    NULL,
    NOW() - INTERVAL 18 DAY,
    NOW()
  ),
  (
    17,
    'shenhua',
    '$2b$12$kwiDlYJJKyCSP6HEooGGTubQLSTbu77caZ5Wz1VMl7M1.scfFxqri',
    '13912345692',
    'shenhua@email.com',
    'https://api.dicebear.com/7.x/avataaars/svg?seed=shenhua',
    1,
    1,
    0,
    NULL,
    NOW() - INTERVAL 15 DAY,
    NOW()
  ),
  (
    18,
    'hanyu',
    '$2b$12$kwiDlYJJKyCSP6HEooGGTubQLSTbu77caZ5Wz1VMl7M1.scfFxqri',
    '13912345693',
    'hanyu@email.com',
    'https://api.dicebear.com/7.x/avataaars/svg?seed=hanyu',
    1,
    1,
    0,
    NULL,
    NOW() - INTERVAL 10 DAY,
    NOW()
  ),
  (
    19,
    'test_user',
    '$2b$12$kwiDlYJJKyCSP6HEooGGTubQLSTbu77caZ5Wz1VMl7M1.scfFxqri',
    '13912345694',
    'test@email.com',
    'https://api.dicebear.com/7.x/avataaars/svg?seed=test',
    1,
    1,
    0,
    NULL,
    NOW() - INTERVAL 5 DAY,
    NOW()
  ),
  (
    20,
    'demo_user',
    '$2b$12$kwiDlYJJKyCSP6HEooGGTubQLSTbu77caZ5Wz1VMl7M1.scfFxqri',
    '13912345695',
    'demo@email.com',
    'https://api.dicebear.com/7.x/avataaars/svg?seed=demo',
    1,
    1,
    0,
    NULL,
    NOW() - INTERVAL 3 DAY,
    NOW()
  );
-- =============================================================
-- 2. 分类数据 (category) — 6 个一级分类 + 18 个子分类
-- =============================================================
TRUNCATE TABLE category;
INSERT INTO category (
    id,
    name,
    parent_id,
    level,
    sort_order,
    status,
    created_at
  )
VALUES -- 一级分类
  (
    1,
    '手机数码',
    0,
    1,
    1,
    1,
    NOW() - INTERVAL 180 DAY
  ),
  (
    2,
    '电脑办公',
    0,
    1,
    2,
    1,
    NOW() - INTERVAL 180 DAY
  ),
  (
    3,
    '家用电器',
    0,
    1,
    3,
    1,
    NOW() - INTERVAL 180 DAY
  ),
  (
    4,
    '服装鞋帽',
    0,
    1,
    4,
    1,
    NOW() - INTERVAL 180 DAY
  ),
  (
    5,
    '食品饮料',
    0,
    1,
    5,
    1,
    NOW() - INTERVAL 180 DAY
  ),
  (
    6,
    '图书文娱',
    0,
    1,
    6,
    1,
    NOW() - INTERVAL 180 DAY
  ),
  -- 手机数码子分类
  (
    7,
    '智能手机',
    1,
    2,
    1,
    1,
    NOW() - INTERVAL 180 DAY
  ),
  (
    8,
    '平板电脑',
    1,
    2,
    2,
    1,
    NOW() - INTERVAL 180 DAY
  ),
  (
    9,
    '智能手表',
    1,
    2,
    3,
    1,
    NOW() - INTERVAL 180 DAY
  ),
  (
    10,
    '耳机音箱',
    1,
    2,
    4,
    1,
    NOW() - INTERVAL 180 DAY
  ),
  -- 电脑办公子分类
  (
    11,
    '笔记本',
    2,
    2,
    1,
    1,
    NOW() - INTERVAL 180 DAY
  ),
  (
    12,
    '台式机',
    2,
    2,
    2,
    1,
    NOW() - INTERVAL 180 DAY
  ),
  (
    13,
    '显示器',
    2,
    2,
    3,
    1,
    NOW() - INTERVAL 180 DAY
  ),
  (
    14,
    '外设配件',
    2,
    2,
    4,
    1,
    NOW() - INTERVAL 180 DAY
  ),
  -- 家用电器子分类
  (
    15,
    '空调',
    3,
    2,
    1,
    1,
    NOW() - INTERVAL 180 DAY
  ),
  (
    16,
    '冰箱',
    3,
    2,
    2,
    1,
    NOW() - INTERVAL 180 DAY
  ),
  (
    17,
    '洗衣机',
    3,
    2,
    3,
    1,
    NOW() - INTERVAL 180 DAY
  ),
  -- 服装鞋帽子分类
  (
    18,
    '男装',
    4,
    2,
    1,
    1,
    NOW() - INTERVAL 180 DAY
  ),
  (
    19,
    '女装',
    4,
    2,
    2,
    1,
    NOW() - INTERVAL 180 DAY
  ),
  (
    20,
    '运动鞋',
    4,
    2,
    3,
    1,
    NOW() - INTERVAL 180 DAY
  ),
  -- 食品饮料子分类
  (
    21,
    '休闲零食',
    5,
    2,
    1,
    1,
    NOW() - INTERVAL 180 DAY
  ),
  (
    22,
    '茶饮酒水',
    5,
    2,
    2,
    1,
    NOW() - INTERVAL 180 DAY
  ),
  -- 图书文娱子分类
  (
    23,
    '计算机技术',
    6,
    2,
    1,
    1,
    NOW() - INTERVAL 180 DAY
  ),
  (
    24,
    '文学小说',
    6,
    2,
    2,
    1,
    NOW() - INTERVAL 180 DAY
  );
-- =============================================================
-- 3. 品牌数据 (brand) — 20 个品牌
-- =============================================================
TRUNCATE TABLE brand;
INSERT INTO brand (
    id,
    name,
    logo,
    description,
    sort_order,
    status,
    created_at
  )
VALUES (
    1,
    '华为',
    'https://img.mall.com/brand/huawei.png',
    '全球领先的ICT基础设施和智能终端提供商',
    1,
    1,
    NOW() - INTERVAL 180 DAY
  ),
  (
    2,
    'Apple',
    'https://img.mall.com/brand/apple.png',
    '全球领先的消费电子产品制造商',
    2,
    1,
    NOW() - INTERVAL 180 DAY
  ),
  (
    3,
    '小米',
    'https://img.mall.com/brand/xiaomi.png',
    '创新型科技公司，致力于让每个人享受科技的乐趣',
    3,
    1,
    NOW() - INTERVAL 180 DAY
  ),
  (
    4,
    '三星',
    'https://img.mall.com/brand/samsung.png',
    '韩国最大的电子产品制造商',
    4,
    1,
    NOW() - INTERVAL 180 DAY
  ),
  (
    5,
    'OPPO',
    'https://img.mall.com/brand/oppo.png',
    '全球领先的智能终端制造商',
    5,
    1,
    NOW() - INTERVAL 180 DAY
  ),
  (
    6,
    '联想',
    'https://img.mall.com/brand/lenovo.png',
    '全球最大的PC制造商',
    6,
    1,
    NOW() - INTERVAL 180 DAY
  ),
  (
    7,
    '戴尔',
    'https://img.mall.com/brand/dell.png',
    '全球领先的计算机系统提供商',
    7,
    1,
    NOW() - INTERVAL 180 DAY
  ),
  (
    8,
    '海尔',
    'https://img.mall.com/brand/haier.png',
    '全球领先的家电品牌',
    8,
    1,
    NOW() - INTERVAL 180 DAY
  ),
  (
    9,
    '格力',
    'https://img.mall.com/brand/gree.png',
    '掌握核心科技的空调制造商',
    9,
    1,
    NOW() - INTERVAL 180 DAY
  ),
  (
    10,
    '美的',
    'https://img.mall.com/brand/midea.png',
    '科技尽善生活尽美的家电品牌',
    10,
    1,
    NOW() - INTERVAL 180 DAY
  ),
  (
    11,
    '耐克',
    'https://img.mall.com/brand/nike.png',
    '全球领先的运动品牌',
    11,
    1,
    NOW() - INTERVAL 180 DAY
  ),
  (
    12,
    '阿迪达斯',
    'https://img.mall.com/brand/adidas.png',
    '全球知名的运动品牌',
    12,
    1,
    NOW() - INTERVAL 180 DAY
  ),
  (
    13,
    '安踏',
    'https://img.mall.com/brand/anta.png',
    '中国领先的体育用品品牌',
    13,
    1,
    NOW() - INTERVAL 180 DAY
  ),
  (
    14,
    '三只松鼠',
    'https://img.mall.com/brand/3squirrels.png',
    '中国领先的休闲零食品牌',
    14,
    1,
    NOW() - INTERVAL 180 DAY
  ),
  (
    15,
    '良品铺子',
    'https://img.mall.com/brand/lppz.png',
    '高品质休闲零食品牌',
    15,
    1,
    NOW() - INTERVAL 180 DAY
  ),
  (
    16,
    '机械工业出版社',
    'https://img.mall.com/brand/hkpub.png',
    '国内领先的科技图书出版社',
    16,
    1,
    NOW() - INTERVAL 180 DAY
  ),
  (
    17,
    '人民文学出版社',
    'https://img.mall.com/brand/rmwx.png',
    '国家级专业文学出版机构',
    17,
    1,
    NOW() - INTERVAL 180 DAY
  ),
  (
    18,
    '索尼',
    'https://img.mall.com/brand/sony.png',
    '日本领先的电子娱乐公司',
    18,
    1,
    NOW() - INTERVAL 180 DAY
  ),
  (
    19,
    'JBL',
    'https://img.mall.com/brand/jbl.png',
    '全球知名的音响品牌',
    19,
    1,
    NOW() - INTERVAL 180 DAY
  ),
  (
    20,
    '飞利浦',
    'https://img.mall.com/brand/philips.png',
    '全球领先的健康科技公司',
    20,
    1,
    NOW() - INTERVAL 180 DAY
  );
-- =============================================================
-- 4. 商品数据 (product) — 40 个商品
-- =============================================================
TRUNCATE TABLE product;
INSERT INTO product (
    id,
    name,
    brief,
    description,
    category_id,
    brand_id,
    unit,
    weight,
    has_sku,
    price,
    min_price,
    max_price,
    total_stock,
    sales,
    main_image,
    images,
    video_url,
    specs,
    attrs,
    tags,
    keywords,
    sort_order,
    status,
    created_at,
    updated_at
  )
VALUES -- === 手机数码 - 智能手机 (category_id=7) ===
  (
    1,
    '华为 Mate 70 Pro',
    '鸿蒙操作系统，超感知影像，北斗卫星消息',
    '<p>华为 Mate 70 Pro 搭载 HarmonyOS 5.0，配备超感知影像系统，支持北斗卫星消息。</p>',
    7,
    1,
    '台',
    0.225,
    1,
    6999.00,
    6999.00,
    8999.00,
    5000,
    1234,
    'https://img.mall.com/products/mate70-pro-1.jpg',
    '["https://img.mall.com/products/mate70-pro-1.jpg","https://img.mall.com/products/mate70-pro-2.jpg","https://img.mall.com/products/mate70-pro-3.jpg"]',
    'https://video.mall.com/products/mate70-pro.mp4',
    '[{"name":"颜色","values":["曜金黑","雪域白","罗兰紫","青山黛"]},{"name":"存储","values":["256GB","512GB","1TB"]}]',
    '[{"name":"屏幕尺寸","value":"6.9英寸"},{"name":"处理器","value":"麒麟9100"},{"name":"电池容量","value":"5050mAh"},{"name":"摄像头","value":"5000万像素超感知影像"}]',
    '["旗舰","5G","鸿蒙"]',
    '华为 Mate 70 Pro 手机 鸿蒙 5G 旗舰',
    1,
    1,
    NOW() - INTERVAL 60 DAY,
    NOW() - INTERVAL 2 DAY
  ),
  (
    2,
    'iPhone 16 Pro Max',
    'A18 Pro 芯片，钛金属设计，相机控制',
    '<p>iPhone 16 Pro Max 采用 A18 Pro 芯片，钛金属设计，全新相机控制按钮。</p>',
    7,
    2,
    '台',
    0.227,
    1,
    9999.00,
    9999.00,
    13999.00,
    8000,
    2156,
    'https://img.mall.com/products/iphone16pm-1.jpg',
    '["https://img.mall.com/products/iphone16pm-1.jpg","https://img.mall.com/products/iphone16pm-2.jpg"]',
    NULL,
    '[{"name":"颜色","values":["原色钛金属","白色钛金属","黑色钛金属","沙漠色钛金属"]},{"name":"存储","values":["256GB","512GB","1TB"]}]',
    '[{"name":"屏幕尺寸","value":"6.9英寸"},{"name":"处理器","value":"A18 Pro"},{"name":"电池容量","value":"4685mAh"},{"name":"摄像头","value":"4800万像素三摄"}]',
    '["旗舰","5G","苹果"]',
    'iPhone 16 Pro Max 苹果 手机 A18 Pro',
    2,
    1,
    NOW() - INTERVAL 60 DAY,
    NOW() - INTERVAL 1 DAY
  ),
  (
    3,
    '小米 15 Ultra',
    '徕卡光学，骁龙8至尊版，专业影像旗舰',
    '<p>小米 15 Ultra 搭载骁龙8至尊版处理器，徕卡专业影像系统，6000mAh大电池。</p>',
    7,
    3,
    '台',
    0.229,
    1,
    5999.00,
    5999.00,
    7999.00,
    6000,
    1876,
    'https://img.mall.com/products/mi15ultra-1.jpg',
    '["https://img.mall.com/products/mi15ultra-1.jpg","https://img.mall.com/products/mi15ultra-2.jpg"]',
    NULL,
    '[{"name":"颜色","values":["黑色","白色","银色"]},{"name":"存储","values":["256GB","512GB","1TB"]}]',
    '[{"name":"屏幕尺寸","value":"6.73英寸"},{"name":"处理器","value":"骁龙8至尊版"},{"name":"电池容量","value":"6000mAh"},{"name":"摄像头","value":"5000万像素徕卡四摄"}]',
    '["旗舰","5G","徕卡"]',
    '小米15 Ultra 徕卡 骁龙8至尊版 手机',
    3,
    1,
    NOW() - INTERVAL 60 DAY,
    NOW() - INTERVAL 3 DAY
  ),
  (
    4,
    'OPPO Find X8 Pro',
    '哈苏人像，天玑9400，超长续航',
    '<p>OPPO Find X8 Pro 搭载天玑9400芯片，哈苏人像系统，5800mAh电池。</p>',
    7,
    5,
    '台',
    0.215,
    1,
    5299.00,
    5299.00,
    6999.00,
    4000,
    892,
    'https://img.mall.com/products/findx8pro-1.jpg',
    '["https://img.mall.com/products/findx8pro-1.jpg","https://img.mall.com/products/findx8pro-2.jpg"]',
    NULL,
    '[{"name":"颜色","values":["星穹黑","云霞粉","天空蓝"]},{"name":"存储","values":["256GB","512GB"]}]',
    '[{"name":"屏幕尺寸","value":"6.78英寸"},{"name":"处理器","value":"天玑9400"},{"name":"电池容量","value":"5800mAh"},{"name":"摄像头","value":"5000万像素哈苏三摄"}]',
    '["旗舰","5G","哈苏"]',
    'OPPO Find X8 Pro 哈苏 天玑9400 手机',
    4,
    1,
    NOW() - INTERVAL 50 DAY,
    NOW() - INTERVAL 5 DAY
  ),
  (
    5,
    '三星 Galaxy S25 Ultra',
    'Galaxy AI，骁龙8至尊版，S Pen',
    '<p>三星 Galaxy S25 Ultra 搭载 Galaxy AI 智能助手，骁龙8至尊版处理器，支持 S Pen。</p>',
    7,
    4,
    '台',
    0.233,
    1,
    9699.00,
    9699.00,
    12599.00,
    3500,
    756,
    'https://img.mall.com/products/s25ultra-1.jpg',
    '["https://img.mall.com/products/s25ultra-1.jpg","https://img.mall.com/products/s25ultra-2.jpg"]',
    NULL,
    '[{"name":"颜色","values":["钛灰","钛黑","钛紫","钛金"]},{"name":"存储","values":["256GB","512GB","1TB"]}]',
    '[{"name":"屏幕尺寸","value":"6.9英寸"},{"name":"处理器","value":"骁龙8至尊版"},{"name":"电池容量","value":"5000mAh"},{"name":"摄像头","value":"2亿像素四摄"}]',
    '["旗舰","5G","AI"]',
    '三星 Galaxy S25 Ultra 手机 AI S Pen',
    5,
    1,
    NOW() - INTERVAL 45 DAY,
    NOW() - INTERVAL 4 DAY
  ),
  -- === 手机数码 - 平板电脑 (category_id=8) ===
  (
    6,
    'iPad Pro M4 (13英寸)',
    'M4芯片，超XDR显示屏，纤薄设计',
    '<p>iPad Pro M4 版搭载 M4 芯片，13英寸超XDR 显示屏，超薄设计仅 5.1mm。</p>',
    8,
    2,
    '台',
    0.682,
    1,
    8999.00,
    8999.00,
    12999.00,
    3000,
    634,
    'https://img.mall.com/products/ipadprom4-1.jpg',
    '["https://img.mall.com/products/ipadprom4-1.jpg","https://img.mall.com/products/ipadprom4-2.jpg"]',
    NULL,
    '[{"name":"颜色","values":["银色","深空黑"]},{"name":"存储","values":["256GB","512GB","1TB","2TB"]}]',
    '[{"name":"屏幕尺寸","value":"13英寸"},{"name":"处理器","value":"M4芯片"},{"name":"重量","value":"0.68kg"},{"name":"分辨率","value":"2752×2064"}]',
    '["旗舰","平板","M4"]',
    'iPad Pro M4 13英寸 平板电脑 苹果',
    6,
    1,
    NOW() - INTERVAL 55 DAY,
    NOW() - INTERVAL 6 DAY
  ),
  (
    7,
    '华为 MatePad Pro 13.2',
    '鸿蒙专业生产力，天生会画',
    '<p>华为 MatePad Pro 13.2英寸搭载 HarmonyOS，天生会画，专业生产力工具。</p>',
    8,
    1,
    '台',
    0.580,
    0,
    5499.00,
    NULL,
    NULL,
    2500,
    445,
    'https://img.mall.com/products/matepadpro-1.jpg',
    '["https://img.mall.com/products/matepadpro-1.jpg","https://img.mall.com/products/matepadpro-2.jpg"]',
    NULL,
    NULL,
    '[{"name":"屏幕尺寸","value":"13.2英寸"},{"name":"处理器","value":"麒麟9000"},{"name":"电池容量","value":"10100mAh"},{"name":"分辨率","value":"2880×1920"}]',
    '["平板","鸿蒙","生产力"]',
    '华为 MatePad Pro 13.2 平板电脑',
    7,
    1,
    NOW() - INTERVAL 50 DAY,
    NOW() - INTERVAL 7 DAY
  ),
  (
    8,
    '小米平板 7 Pro',
    '3K屏，骁龙8+，澎湃OS',
    '<p>小米平板 7 Pro 搭载3K超清屏幕，骁龙8+处理器，澎湃OS跨端互联。</p>',
    8,
    3,
    '台',
    0.490,
    0,
    2999.00,
    NULL,
    NULL,
    5000,
    1123,
    'https://img.mall.com/products/mipad7pro-1.jpg',
    '["https://img.mall.com/products/mipad7pro-1.jpg","https://img.mall.com/products/mipad7pro-2.jpg"]',
    NULL,
    NULL,
    '[{"name":"屏幕尺寸","value":"12.4英寸"},{"name":"处理器","value":"骁龙8+"},{"name":"电池容量","value":"10000mAh"},{"name":"分辨率","value":"3000×2000"}]',
    '["平板","性价比","澎湃OS"]',
    '小米平板7 Pro 平板电脑 骁龙8+',
    8,
    1,
    NOW() - INTERVAL 45 DAY,
    NOW() - INTERVAL 3 DAY
  ),
  -- === 手机数码 - 智能手表 (category_id=9) ===
  (
    9,
    'Apple Watch Ultra 3',
    '钛金属，精准GPS，最长续航',
    '<p>Apple Watch Ultra 3 钛金属设计，双频GPS，最长36小时续航。</p>',
    9,
    2,
    '只',
    0.061,
    0,
    6299.00,
    NULL,
    NULL,
    2000,
    342,
    'https://img.mall.com/products/awu3-1.jpg',
    '["https://img.mall.com/products/awu3-1.jpg","https://img.mall.com/products/awu3-2.jpg"]',
    NULL,
    NULL,
    '[{"name":"表壳材质","value":"钛金属"},{"name":"屏幕","value":"49mm蓝宝石玻璃"},{"name":"防水","value":"100米"},{"name":"续航","value":"36小时"}]',
    '["手表","运动","户外"]',
    'Apple Watch Ultra 3 智能手表',
    9,
    1,
    NOW() - INTERVAL 40 DAY,
    NOW() - INTERVAL 5 DAY
  ),
  (
    10,
    '华为 WATCH GT 5 Pro',
    '钛合金表体，精准健康管理',
    '<p>华为 WATCH GT 5 Pro 钛合金表体，玄玑感知系统，14天超长续航。</p>',
    9,
    1,
    '只',
    0.050,
    0,
    2499.00,
    NULL,
    NULL,
    4000,
    876,
    'https://img.mall.com/products/gt5pro-1.jpg',
    '["https://img.mall.com/products/gt5pro-1.jpg","https://img.mall.com/products/gt5pro-2.jpg"]',
    NULL,
    NULL,
    '[{"name":"表壳材质","value":"钛合金"},{"name":"屏幕","value":"1.43英寸AMOLED"},{"name":"防水","value":"5ATM"},{"name":"续航","value":"14天"}]',
    '["手表","健康","运动"]',
    '华为 WATCH GT 5 Pro 智能手表',
    10,
    1,
    NOW() - INTERVAL 35 DAY,
    NOW() - INTERVAL 2 DAY
  ),
  -- === 手机数码 - 耳机音箱 (category_id=10) ===
  (
    11,
    'AirPods Pro 3',
    'H3芯片，自适应降噪，USB-C',
    '<p>AirPods Pro 3 搭载 H3芯片，自适应音频，USB-C充电，Find My网络。</p>',
    10,
    2,
    '个',
    0.050,
    0,
    1899.00,
    NULL,
    NULL,
    10000,
    3456,
    'https://img.mall.com/products/airpodspro3-1.jpg',
    '["https://img.mall.com/products/airpodspro3-1.jpg","https://img.mall.com/products/airpodspro3-2.jpg"]',
    NULL,
    NULL,
    '[{"name":"芯片","value":"H3"},{"name":"降噪","value":"自适应降噪"},{"name":"续航","value":"6+30小时"},{"name":"充电","value":"USB-C/MagSafe"}]',
    '["耳机","降噪","苹果"]',
    'AirPods Pro 3 苹果耳机 降噪',
    11,
    1,
    NOW() - INTERVAL 40 DAY,
    NOW() - INTERVAL 1 DAY
  ),
  (
    12,
    '索尼 WH-1000XM6',
    '行业标杆降噪，LDAC高解析',
    '<p>索尼 WH-1000XM6 头戴式降噪耳机，LDAC高解析音频，40小时续航。</p>',
    10,
    18,
    '个',
    0.254,
    0,
    2899.00,
    NULL,
    NULL,
    3000,
    567,
    'https://img.mall.com/products/xm6-1.jpg',
    '["https://img.mall.com/products/xm6-1.jpg","https://img.mall.com/products/xm6-2.jpg"]',
    NULL,
    NULL,
    '[{"name":"类型","value":"头戴式"},{"name":"降噪","value":"AI自适应降噪"},{"name":"续航","value":"40小时"},{"name":"音频","value":"LDAC"}]',
    '["耳机","降噪","头戴式"]',
    '索尼 WH-1000XM6 降噪耳机',
    12,
    1,
    NOW() - INTERVAL 35 DAY,
    NOW() - INTERVAL 3 DAY
  ),
  -- === 电脑办公 - 笔记本 (category_id=11) ===
  (
    13,
    'MacBook Pro 16 M4 Max',
    'M4 Max芯片，Liquid Retina XDR，专业创作',
    '<p>MacBook Pro 16 搭载 M4 Max 芯片，Liquid Retina XDR 显示屏，专业创作利器。</p>',
    11,
    2,
    '台',
    2.140,
    1,
    19999.00,
    19999.00,
    32999.00,
    2000,
    456,
    'https://img.mall.com/products/mbp16-1.jpg',
    '["https://img.mall.com/products/mbp16-1.jpg","https://img.mall.com/products/mbp16-2.jpg","https://img.mall.com/products/mbp16-3.jpg"]',
    NULL,
    '[{"name":"颜色","values":["银色","深空黑"]},{"name":"内存","values":["36GB","48GB","128GB"]}]',
    '[{"name":"处理器","value":"M4 Max"},{"name":"屏幕","value":"16.2英寸 Liquid Retina XDR"},{"name":"重量","value":"2.14kg"},{"name":"续航","value":"22小时"}]',
    '["笔记本","苹果","专业"]',
    'MacBook Pro 16 M4 Max 笔记本',
    13,
    1,
    NOW() - INTERVAL 50 DAY,
    NOW() - INTERVAL 4 DAY
  ),
  (
    14,
    'ThinkPad X1 Carbon Gen 12',
    '商务旗舰，航空级碳纤维，长续航',
    '<p>ThinkPad X1 Carbon Gen 12 商务旗舰，航空级碳纤维机身，超长续航。</p>',
    11,
    6,
    '台',
    1.120,
    0,
    12999.00,
    NULL,
    NULL,
    1500,
    289,
    'https://img.mall.com/products/x1carbon-1.jpg',
    '["https://img.mall.com/products/x1carbon-1.jpg","https://img.mall.com/products/x1carbon-2.jpg"]',
    NULL,
    NULL,
    '[{"name":"处理器","value":"酷睿Ultra 9"},{"name":"屏幕","value":"14英寸 2.8K OLED"},{"name":"重量","value":"1.12kg"},{"name":"续航","value":"18小时"}]',
    '["笔记本","商务","轻薄"]',
    'ThinkPad X1 Carbon 笔记本 联想',
    14,
    1,
    NOW() - INTERVAL 45 DAY,
    NOW() - INTERVAL 3 DAY
  ),
  (
    15,
    '戴尔 XPS 14',
    '极简设计，3.2K OLED，酷睿Ultra',
    '<p>戴尔 XPS 14 极简设计，3.2K OLED 触控屏，英特尔酷睿Ultra处理器。</p>',
    11,
    7,
    '台',
    1.190,
    0,
    11999.00,
    NULL,
    NULL,
    1200,
    234,
    'https://img.mall.com/products/xps14-1.jpg',
    '["https://img.mall.com/products/xps14-1.jpg","https://img.mall.com/products/xps14-2.jpg"]',
    NULL,
    NULL,
    '[{"name":"处理器","value":"酷睿Ultra 7"},{"name":"屏幕","value":"14.5英寸 3.2K OLED"},{"name":"重量","value":"1.19kg"},{"name":"内存","value":"16GB"}]',
    '["笔记本","轻薄","创作"]',
    '戴尔 XPS 14 笔记本 OLED',
    15,
    1,
    NOW() - INTERVAL 40 DAY,
    NOW() - INTERVAL 5 DAY
  ),
  (
    16,
    '小米笔记本 Pro 16 2025',
    '4K OLED，RTX5070，创作利器',
    '<p>小米笔记本 Pro 16 2025款，4K OLED屏幕，RTX 5070独显，旗舰创作本。</p>',
    11,
    3,
    '台',
    1.800,
    0,
    7999.00,
    NULL,
    NULL,
    3000,
    678,
    'https://img.mall.com/products/mibookpro16-1.jpg',
    '["https://img.mall.com/products/mibookpro16-1.jpg","https://img.mall.com/products/mibookpro16-2.jpg"]',
    NULL,
    NULL,
    '[{"name":"处理器","value":"酷睿Ultra 7"},{"name":"显卡","value":"RTX 5070"},{"name":"屏幕","value":"16英寸 4K OLED"},{"name":"内存","value":"32GB"}]',
    '["笔记本","创作","4K"]',
    '小米笔记本Pro 16 2025 独显',
    16,
    1,
    NOW() - INTERVAL 35 DAY,
    NOW() - INTERVAL 2 DAY
  ),
  -- === 电脑办公 - 显示器 (category_id=13) ===
  (
    17,
    '戴尔 U3224KB',
    '6K IPS Black，HDR600，专业色准',
    '<p>戴尔 UltraSharp 32英寸 6K IPS Black 显示器，HDR600，99% DCI-P3。</p>',
    13,
    7,
    '台',
    7.500,
    0,
    15999.00,
    NULL,
    NULL,
    500,
    89,
    'https://img.mall.com/products/dell-u3224kb-1.jpg',
    '["https://img.mall.com/products/dell-u3224kb-1.jpg","https://img.mall.com/products/dell-u3224kb-2.jpg"]',
    NULL,
    NULL,
    '[{"name":"尺寸","value":"32英寸"},{"name":"分辨率","value":"6K (6144×4096)"},{"name":"面板","value":"IPS Black"},{"name":"色域","value":"99% DCI-P3"}]',
    '["显示器","专业","6K"]',
    '戴尔 U3224KB 6K显示器 IPS Black',
    17,
    1,
    NOW() - INTERVAL 30 DAY,
    NOW() - INTERVAL 6 DAY
  ),
  -- === 电脑办公 - 外设配件 (category_id=14) ===
  (
    18,
    '罗技 MX Master 3S',
    '电磁滚轮，8K DPI，静音按键',
    '<p>罗技 MX Master 3S 电磁滚轮，8K DPI 追踪，静音按键，USB-C 充电。</p>',
    14,
    6,
    '个',
    0.141,
    0,
    799.00,
    NULL,
    NULL,
    8000,
    2345,
    'https://img.mall.com/products/mxmaster3s-1.jpg',
    '["https://img.mall.com/products/mxmaster3s-1.jpg","https://img.mall.com/products/mxmaster3s-2.jpg"]',
    NULL,
    NULL,
    '[{"name":"传感器","value":"8000 DPI"},{"name":"连接","value":"蓝牙/无线"},{"name":"续航","value":"70天"},{"name":"按键","value":"静音"}]',
    '["鼠标","办公","无线"]',
    '罗技 MX Master 3S 无线鼠标',
    18,
    1,
    NOW() - INTERVAL 50 DAY,
    NOW() - INTERVAL 1 DAY
  ),
  -- === 家用电器 - 空调 (category_id=15) ===
  (
    19,
    '格力 KFR-35GW/NhAe1BG',
    '新一级能效，变频冷暖，自清洁',
    '<p>格力1.5匹变频空调，新一级能效，56℃高温自清洁，WiFi智控。</p>',
    15,
    9,
    '台',
    12.500,
    0,
    3499.00,
    NULL,
    NULL,
    5000,
    1567,
    'https://img.mall.com/products/gree-kfr35gw-1.jpg',
    '["https://img.mall.com/products/gree-kfr35gw-1.jpg","https://img.mall.com/products/gree-kfr35gw-2.jpg"]',
    NULL,
    NULL,
    '[{"name":"匹数","value":"1.5匹"},{"name":"能效","value":"新一级能效"},{"name":"类型","value":"壁挂式"},{"name":"功能","value":"变频冷暖"}]',
    '["空调","变频","节能"]',
    '格力空调 1.5匹 变频冷暖 新一级',
    19,
    1,
    NOW() - INTERVAL 40 DAY,
    NOW() - INTERVAL 3 DAY
  ),
  (
    20,
    '美的 KFR-72LW/N8MHA1',
    '3匹圆柱柜机，新一级，大风量',
    '<p>美的3匹变频圆柱柜机，新一级能效，1300m³/h大风量，智能控制。</p>',
    15,
    10,
    '台',
    28.000,
    0,
    5999.00,
    NULL,
    NULL,
    3000,
    890,
    'https://img.mall.com/products/midea-kfr72lw-1.jpg',
    '["https://img.mall.com/products/midea-kfr72lw-1.jpg","https://img.mall.com/products/midea-kfr72lw-2.jpg"]',
    NULL,
    NULL,
    '[{"name":"匹数","value":"3匹"},{"name":"能效","value":"新一级能效"},{"name":"类型","value":"圆柱柜机"},{"name":"风量","value":"1300m³/h"}]',
    '["空调","柜机","变频"]',
    '美的空调 3匹 圆柱柜机 新一级',
    20,
    1,
    NOW() - INTERVAL 35 DAY,
    NOW() - INTERVAL 4 DAY
  ),
  -- === 家用电器 - 冰箱 (category_id=16) ===
  (
    21,
    '海尔 BCD-500WGHTD',
    '500升十字对开门，EPP超净，干湿分储',
    '<p>海尔500升十字对开门冰箱，EPP超净系统，干湿分储，柔性双变频。</p>',
    16,
    8,
    '台',
    35.000,
    0,
    4999.00,
    NULL,
    NULL,
    2000,
    678,
    'https://img.mall.com/products/haier-bcd500-1.jpg',
    '["https://img.mall.com/products/haier-bcd500-1.jpg","https://img.mall.com/products/haier-bcd500-2.jpg"]',
    NULL,
    NULL,
    '[{"name":"容量","value":"500升"},{"name":"类型","value":"十字对开门"},{"name":"能效","value":"一级能效"},{"name":"制冷","value":"风冷无霜"}]',
    '["冰箱","十字对开","风冷"]',
    '海尔冰箱 500升 十字对开门 变频',
    21,
    1,
    NOW() - INTERVAL 30 DAY,
    NOW() - INTERVAL 2 DAY
  ),
  -- === 家用电器 - 洗衣机 (category_id=17) ===
  (
    22,
    '海尔 EG100HBDC9SU1',
    '10KG洗烘一体，FPA直驱，AI智洗',
    '<p>海尔10KG洗烘一体机，FPA直驱变频，AI智慧洗涤，微蒸空气洗。</p>',
    17,
    8,
    '台',
    42.000,
    0,
    3999.00,
    NULL,
    NULL,
    2500,
    934,
    'https://img.mall.com/products/haier-eg100-1.jpg',
    '["https://img.mall.com/products/haier-eg100-1.jpg","https://img.mall.com/products/haier-eg100-2.jpg"]',
    NULL,
    NULL,
    '[{"name":"容量","value":"10KG"},{"name":"类型","value":"洗烘一体"},{"name":"电机","value":"FPA直驱"},{"name":"能效","value":"一级能效"}]',
    '["洗衣机","洗烘一体","直驱"]',
    '海尔洗衣机 10KG 洗烘一体 FPA直驱',
    22,
    1,
    NOW() - INTERVAL 30 DAY,
    NOW() - INTERVAL 3 DAY
  ),
  -- === 服装鞋帽 - 男装 (category_id=18) ===
  (
    23,
    '海澜之家羽绒服',
    '90%白鹅绒，防风防泼水，轻薄保暖',
    '<p>海澜之家男士羽绒服，90%白鹅绒填充，防风防泼水面料，轻薄保暖。</p>',
    18,
    20,
    '件',
    0.800,
    0,
    899.00,
    NULL,
    NULL,
    10000,
    3456,
    'https://img.mall.com/products/hla-down-1.jpg',
    '["https://img.mall.com/products/hla-down-1.jpg","https://img.mall.com/products/hla-down-2.jpg"]',
    NULL,
    NULL,
    '[{"name":"填充","value":"90%白鹅绒"},{"name":"面料","value":"防风防泼水"},{"name":"颜色","value":"黑色/藏青/深灰"},{"name":"适用","value":"冬季"}]',
    '["男装","羽绒服","冬季"]',
    '海澜之家羽绒服 男 白鹅绒 保暖',
    23,
    1,
    NOW() - INTERVAL 25 DAY,
    NOW() - INTERVAL 2 DAY
  ),
  (
    24,
    '杰克琼斯牛仔裤',
    '经典直筒，弹力牛仔，四季百搭',
    '<p>杰克琼斯男士直筒牛仔裤，弹力棉质牛仔，经典百搭，四季可穿。</p>',
    18,
    20,
    '条',
    0.600,
    0,
    399.00,
    NULL,
    NULL,
    15000,
    5678,
    'https://img.mall.com/products/jackjones-jeans-1.jpg',
    '["https://img.mall.com/products/jackjones-jeans-1.jpg"]',
    NULL,
    NULL,
    '[{"name":"版型","value":"直筒"},{"name":"面料","value":"弹力牛仔"},{"name":"颜色","value":"中蓝/深蓝/黑色"},{"name":"季节","value":"四季"}]',
    '["男装","牛仔裤","百搭"]',
    '杰克琼斯 男士 牛仔裤 直筒',
    24,
    1,
    NOW() - INTERVAL 20 DAY,
    NOW() - INTERVAL 1 DAY
  ),
  -- === 服装鞋帽 - 女装 (category_id=19) ===
  (
    25,
    '太平鸟毛呢大衣',
    '双面羊绒，经典廓形，高级感',
    '<p>太平鸟女装双面羊绒大衣，经典H型廓形，质感高级，通勤百搭。</p>',
    19,
    20,
    '件',
    1.200,
    0,
    1599.00,
    NULL,
    NULL,
    5000,
    2345,
    'https://img.mall.com/products/peacebird-coat-1.jpg',
    '["https://img.mall.com/products/peacebird-coat-1.jpg","https://img.mall.com/products/peacebird-coat-2.jpg"]',
    NULL,
    NULL,
    '[{"name":"面料","value":"双面羊绒"},{"name":"版型","value":"H型廓形"},{"name":"颜色","value":"驼色/黑色/米白"},{"name":"适用","value":"秋冬"}]',
    '["女装","大衣","羊绒"]',
    '太平鸟 女装 双面羊绒大衣 通勤',
    25,
    1,
    NOW() - INTERVAL 25 DAY,
    NOW() - INTERVAL 3 DAY
  ),
  -- === 服装鞋帽 - 运动鞋 (category_id=20) ===
  (
    26,
    '耐克 Air Max 270',
    '缓震气垫，网面透气，舒适脚感',
    '<p>耐克 Air Max 270 男子运动鞋，缓震气垫，网面透气，潮流百搭。</p>',
    20,
    11,
    '双',
    0.350,
    1,
    1099.00,
    1099.00,
    1299.00,
    8000,
    4567,
    'https://img.mall.com/products/airmax270-1.jpg',
    '["https://img.mall.com/products/airmax270-1.jpg","https://img.mall.com/products/airmax270-2.jpg"]',
    NULL,
    '[{"name":"颜色","values":["黑白","蓝白","全黑"]},{"name":"尺码","values":["39","40","41","42","43","44"]}]',
    '[{"name":"技术","value":"Air Max气垫"},{"name":"鞋面","value":"网面+合成革"},{"name":"适用","value":"跑步/休闲"}]',
    '["运动鞋","耐克","气垫"]',
    '耐克 Air Max 270 运动鞋 男',
    26,
    1,
    NOW() - INTERVAL 30 DAY,
    NOW() - INTERVAL 2 DAY
  ),
  (
    27,
    '阿迪达斯 Ultraboost 26',
    'BOOST中底，Primeknit鞋面，回弹出色',
    '<p>阿迪达斯 Ultraboost 26 男子跑鞋，BOOST 中底，Primeknit 编织鞋面。</p>',
    20,
    12,
    '双',
    0.320,
    1,
    1299.00,
    1299.00,
    1499.00,
    6000,
    3456,
    'https://img.mall.com/products/ultraboost26-1.jpg',
    '["https://img.mall.com/products/ultraboost26-1.jpg","https://img.mall.com/products/ultraboost26-2.jpg"]',
    NULL,
    '[{"name":"颜色","values":["核心黑","云白","灰色"]},{"name":"尺码","values":["39","40","41","42","43","44","45"]}]',
    '[{"name":"技术","value":"BOOST中底"},{"name":"鞋面","value":"Primeknit编织"},{"name":"适用","value":"跑步/训练"}]',
    '["运动鞋","阿迪达斯","跑鞋"]',
    '阿迪达斯 Ultraboost 26 跑鞋',
    27,
    1,
    NOW() - INTERVAL 30 DAY,
    NOW() - INTERVAL 3 DAY
  ),
  (
    28,
    '安踏 KT9 篮球鞋',
    '氮科技中底，3D环绕TPU，防侧翻',
    '<p>安踏 KT9 克莱·汤普森签名鞋，氮科技中底，3D环绕TPU，专业防侧翻。</p>',
    20,
    13,
    '双',
    0.420,
    1,
    899.00,
    899.00,
    999.00,
    5000,
    2890,
    'https://img.mall.com/products/anta-kt9-1.jpg',
    '["https://img.mall.com/products/anta-kt9-1.jpg","https://img.mall.com/products/anta-kt9-2.jpg"]',
    NULL,
    '[{"name":"颜色","values":["海水蓝","黑白","珊瑚红"]},{"name":"尺码","values":["40","41","42","43","44","45"]}]',
    '[{"name":"技术","value":"氮科技中底"},{"name":"鞋面","value":"编织+TPU"},{"name":"适用","value":"篮球"}]',
    '["篮球鞋","安踏","KT"]',
    '安踏 KT9 篮球鞋 汤普森 签名鞋',
    28,
    1,
    NOW() - INTERVAL 25 DAY,
    NOW() - INTERVAL 2 DAY
  ),
  -- === 食品饮料 - 休闲零食 (category_id=21) ===
  (
    29,
    '三只松鼠每日坚果礼盒',
    '7种坚果，每日一袋，营养均衡',
    '<p>三只松鼠每日坚果礼盒，7种坚果搭配，30袋装，每日营养均衡。</p>',
    21,
    14,
    '盒',
    0.750,
    0,
    89.00,
    NULL,
    NULL,
    50000,
    12345,
    'https://img.mall.com/products/3squirrels-nuts-1.jpg',
    '["https://img.mall.com/products/3squirrels-nuts-1.jpg","https://img.mall.com/products/3squirrels-nuts-2.jpg"]',
    NULL,
    NULL,
    '[{"name":"规格","value":"30袋/盒"},{"name":"种类","value":"7种坚果"},{"name":"保质期","value":"180天"},{"name":"产地","value":"中国"}]',
    '["零食","坚果","礼盒"]',
    '三只松鼠 每日坚果 礼盒 30袋',
    29,
    1,
    NOW() - INTERVAL 30 DAY,
    NOW() - INTERVAL 2 DAY
  ),
  (
    30,
    '良品铺子肉松饼',
    '香酥外皮，拉丝肉松，独立包装',
    '<p>良品铺子肉松饼，香酥外皮包裹拉丝肉松，独立小包装，办公室零食。</p>',
    21,
    15,
    '箱',
    0.500,
    0,
    29.90,
    NULL,
    NULL,
    80000,
    23456,
    'https://img.mall.com/products/lppz-roussong-1.jpg',
    '["https://img.mall.com/products/lppz-roussong-1.jpg"]',
    NULL,
    NULL,
    '[{"name":"规格","value":"500g/箱"},{"name":"口味","value":"原味"},{"name":"保质期","value":"90天"},{"name":"包装","value":"独立包装"}]',
    '["零食","肉松饼","办公室"]',
    '良品铺子 肉松饼 独立包装 零食',
    30,
    1,
    NOW() - INTERVAL 25 DAY,
    NOW() - INTERVAL 1 DAY
  ),
  -- === 食品饮料 - 茶饮酒水 (category_id=22) ===
  (
    31,
    '武夷山大红袍',
    '武夷岩茶，传统碳焙，醇厚回甘',
    '<p>武夷山大红袍礼盒装，传统碳焙工艺，岩韵醇厚，回甘持久，送礼佳品。</p>',
    22,
    20,
    '盒',
    0.500,
    0,
    268.00,
    NULL,
    NULL,
    10000,
    3456,
    'https://img.mall.com/products/dahongpao-1.jpg',
    '["https://img.mall.com/products/dahongpao-1.jpg"]',
    NULL,
    NULL,
    '[{"name":"规格","value":"250g/盒"},{"name":"工艺","value":"传统碳焙"},{"name":"产地","value":"福建武夷山"},{"name":"保质期","value":"36个月"}]',
    '["茶叶","大红袍","礼盒"]',
    '武夷山大红袍 岩茶 礼盒装',
    31,
    1,
    NOW() - INTERVAL 20 DAY,
    NOW() - INTERVAL 3 DAY
  ),
  -- === 图书文娱 - 计算机技术 (category_id=23) ===
  (
    32,
    '《深度学习》(花书)',
    'AI经典教材，Ian Goodfellow著',
    '<p>深度学习（Deep Learning），Ian Goodfellow、Yoshua Bengio、Aaron Courville 著，AI领域经典教材。</p>',
    23,
    16,
    '本',
    0.800,
    0,
    139.00,
    NULL,
    NULL,
    20000,
    7890,
    'https://img.mall.com/products/deeplearning-book-1.jpg',
    '["https://img.mall.com/products/deeplearning-book-1.jpg"]',
    NULL,
    NULL,
    '[{"name":"作者","value":"Ian Goodfellow"},{"name":"出版社","value":"机械工业出版社"},{"name":"页数","value":"800页"},{"name":"装帧","value":"平装"}]',
    '["图书","AI","深度学习"]',
    '深度学习 花书 Ian Goodfellow 机械工业',
    32,
    1,
    NOW() - INTERVAL 30 DAY,
    NOW() - INTERVAL 2 DAY
  ),
  (
    33,
    '《Java核心技术 卷I》',
    'Java经典教程，全面覆盖Java',
    '<p>Java核心技术 卷I：基础知识（第12版），Cay S. Horstmann 著，Java开发者必备。</p>',
    23,
    16,
    '本',
    0.900,
    0,
    89.00,
    NULL,
    NULL,
    30000,
    15678,
    'https://img.mall.com/products/javacore-1.jpg',
    '["https://img.mall.com/products/javacore-1.jpg"]',
    NULL,
    NULL,
    '[{"name":"作者","value":"Cay S. Horstmann"},{"name":"出版社","value":"机械工业出版社"},{"name":"版次","value":"第12版"},{"name":"装帧","value":"平装"}]',
    '["图书","Java","编程"]',
    'Java核心技术 卷I 第12版 编程',
    33,
    1,
    NOW() - INTERVAL 25 DAY,
    NOW() - INTERVAL 1 DAY
  ),
  (
    34,
    '《凤凰架构》',
    '构筑可靠的大型分布式系统',
    '<p>凤凰架构：构筑可靠的大型分布式系统，周志明著，深入理解分布式架构设计。</p>',
    23,
    16,
    '本',
    0.650,
    0,
    99.00,
    NULL,
    NULL,
    15000,
    4567,
    'https://img.mall.com/products/phoenix-arch-1.jpg',
    '["https://img.mall.com/products/phoenix-arch-1.jpg"]',
    NULL,
    NULL,
    '[{"name":"作者","value":"周志明"},{"name":"出版社","value":"机械工业出版社"},{"name":"页数","value":"450页"},{"name":"装帧","value":"平装"}]',
    '["图书","架构","分布式"]',
    '凤凰架构 周志明 分布式系统',
    34,
    1,
    NOW() - INTERVAL 20 DAY,
    NOW() - INTERVAL 4 DAY
  ),
  -- === 图书文娱 - 文学小说 (category_id=24) ===
  (
    35,
    '《三体》全套',
    '刘慈欣科幻巨著，雨果奖作品',
    '<p>三体三部曲（地球往事+黑暗森林+死神永生），刘慈欣著，雨果奖获奖作品。</p>',
    24,
    17,
    '套',
    1.200,
    0,
    108.00,
    NULL,
    NULL,
    50000,
    23456,
    'https://img.mall.com/products/threebody-1.jpg',
    '["https://img.mall.com/products/threebody-1.jpg","https://img.mall.com/products/threebody-2.jpg"]',
    NULL,
    NULL,
    '[{"name":"作者","value":"刘慈欣"},{"name":"出版社","value":"人民文学出版社"},{"name":"册数","value":"3册"},{"name":"装帧","value":"平装"}]',
    '["图书","科幻","小说"]',
    '三体 刘慈欣 科幻 雨果奖',
    35,
    1,
    NOW() - INTERVAL 30 DAY,
    NOW() - INTERVAL 1 DAY
  ),
  -- 一些已下架/低库存的商品用于测试边界情况
  (
    36,
    '华为 P70 标准版',
    '即将下架清仓，限时优惠',
    '<p>华为 P70 标准版，清仓处理，数量有限。</p>',
    7,
    1,
    '台',
    0.210,
    0,
    3999.00,
    NULL,
    NULL,
    10,
    3456,
    'https://img.mall.com/products/p70-1.jpg',
    '["https://img.mall.com/products/p70-1.jpg"]',
    NULL,
    NULL,
    '[{"name":"屏幕尺寸","value":"6.7英寸"},{"name":"处理器","value":"麒麟9000S"},{"name":"电池容量","value":"4800mAh"}]',
    '["手机","清仓","4G"]',
    '华为 P70 标准版 手机 清仓',
    36,
    0,
    NOW() - INTERVAL 90 DAY,
    NOW() - INTERVAL 10 DAY
  ),
  (
    37,
    'iPad 第10代',
    '入门款平板，教育优惠',
    '<p>iPad 第10代 64GB/WiFi版，教育优惠适用。</p>',
    8,
    2,
    '台',
    0.477,
    0,
    3599.00,
    NULL,
    NULL,
    5,
    7890,
    'https://img.mall.com/products/ipad10-1.jpg',
    '["https://img.mall.com/products/ipad10-1.jpg"]',
    NULL,
    NULL,
    '[{"name":"屏幕","value":"10.9英寸"},{"name":"芯片","value":"A14"},{"name":"存储","value":"64GB"}]',
    '["平板","苹果","教育"]',
    'iPad 10代 平板电脑 入门',
    37,
    1,
    NOW() - INTERVAL 100 DAY,
    NOW() - INTERVAL 2 DAY
  ),
  -- 新增热门商品扩展分类
  (
    38,
    '华为 FreeBuds Pro 4',
    '超感知降噪，麒麟芯片，星闪连接',
    '<p>华为 FreeBuds Pro 4 无线降噪耳机，麒麟A2芯片，超感知降噪，星闪连接技术。</p>',
    10,
    1,
    '个',
    0.060,
    0,
    1299.00,
    NULL,
    NULL,
    8000,
    4567,
    'https://img.mall.com/products/freebudspro4-1.jpg',
    '["https://img.mall.com/products/freebudspro4-1.jpg","https://img.mall.com/products/freebudspro4-2.jpg"]',
    NULL,
    NULL,
    '[{"name":"芯片","value":"麒麟A2"},{"name":"降噪","value":"超感知自适应"},{"name":"续航","value":"6.5+31小时"},{"name":"连接","value":"星闪NearLink"}]',
    '["耳机","降噪","华为"]',
    '华为 FreeBuds Pro 4 降噪耳机 星闪',
    38,
    1,
    NOW() - INTERVAL 20 DAY,
    NOW() - INTERVAL 2 DAY
  ),
  (
    39,
    'JBL Charge 5',
    'IP67防水，20小时续航，低音强劲',
    '<p>JBL Charge 5 便携蓝牙音箱，IP67防水防尘，20小时续航，低音辐射器。</p>',
    10,
    19,
    '个',
    0.960,
    0,
    999.00,
    NULL,
    NULL,
    6000,
    3456,
    'https://img.mall.com/products/jbl-charge5-1.jpg',
    '["https://img.mall.com/products/jbl-charge5-1.jpg"]',
    NULL,
    NULL,
    '[{"name":"防水","value":"IP67"},{"name":"续航","value":"20小时"},{"name":"输出","value":"40W"},{"name":"蓝牙","value":"5.3"}]',
    '["音箱","防水","便携"]',
    'JBL Charge 5 蓝牙音箱 防水',
    39,
    1,
    NOW() - INTERVAL 25 DAY,
    NOW() - INTERVAL 1 DAY
  ),
  (
    40,
    '飞利浦电动牙刷 HX99',
    '声波震动，智能感应，无线充电',
    '<p>飞利浦 Sonicare 钻石亮白智能电动牙刷，声波震动技术，智能压力感应，无线充电。</p>',
    14,
    20,
    '支',
    0.130,
    0,
    699.00,
    NULL,
    NULL,
    12000,
    5678,
    'https://img.mall.com/products/philips-hx99-1.jpg',
    '["https://img.mall.com/products/philips-hx99-1.jpg","https://img.mall.com/products/philips-hx99-2.jpg"]',
    NULL,
    NULL,
    '[{"name":"技术","value":"声波震动"},{"name":"模式","value":"5种清洁模式"},{"name":"续航","value":"21天"},{"name":"充电","value":"无线充电"}]',
    '["个护","电动牙刷","飞利浦"]',
    '飞利浦电动牙刷 声波震动 HX99',
    40,
    1,
    NOW() - INTERVAL 20 DAY,
    NOW() - INTERVAL 2 DAY
  );
-- =============================================================
-- 5. SKU 数据 (product_sku) — 多规格商品的 SKU
-- =============================================================
TRUNCATE TABLE product_sku;
INSERT INTO product_sku (
    id,
    product_id,
    name,
    attrs,
    price,
    stock,
    code,
    image,
    weight,
    status,
    sort_order,
    created_at,
    updated_at
  )
VALUES -- 华为 Mate 70 Pro (product_id=1) — 3色 × 3存储 = 9 SKU
  (
    1,
    1,
    'Mate 70 Pro 曜金黑 256GB',
    '[{"k":"颜色","v":"曜金黑"},{"k":"存储","v":"256GB"}]',
    6999.00,
    800,
    'HUAWEI-M70P-BK-256',
    'https://img.mall.com/products/mate70-pro-black.jpg',
    0.225,
    1,
    1,
    NOW() - INTERVAL 60 DAY,
    NOW()
  ),
  (
    2,
    1,
    'Mate 70 Pro 曜金黑 512GB',
    '[{"k":"颜色","v":"曜金黑"},{"k":"存储","v":"512GB"}]',
    7999.00,
    600,
    'HUAWEI-M70P-BK-512',
    'https://img.mall.com/products/mate70-pro-black.jpg',
    0.225,
    1,
    2,
    NOW() - INTERVAL 60 DAY,
    NOW()
  ),
  (
    3,
    1,
    'Mate 70 Pro 曜金黑 1TB',
    '[{"k":"颜色","v":"曜金黑"},{"k":"存储","v":"1TB"}]',
    8999.00,
    200,
    'HUAWEI-M70P-BK-1T',
    'https://img.mall.com/products/mate70-pro-black.jpg',
    0.225,
    1,
    3,
    NOW() - INTERVAL 60 DAY,
    NOW()
  ),
  (
    4,
    1,
    'Mate 70 Pro 雪域白 256GB',
    '[{"k":"颜色","v":"雪域白"},{"k":"存储","v":"256GB"}]',
    6999.00,
    600,
    'HUAWEI-M70P-WH-256',
    'https://img.mall.com/products/mate70-pro-white.jpg',
    0.225,
    1,
    4,
    NOW() - INTERVAL 60 DAY,
    NOW()
  ),
  (
    5,
    1,
    'Mate 70 Pro 雪域白 512GB',
    '[{"k":"颜色","v":"雪域白"},{"k":"存储","v":"512GB"}]',
    7999.00,
    500,
    'HUAWEI-M70P-WH-512',
    'https://img.mall.com/products/mate70-pro-white.jpg',
    0.225,
    1,
    5,
    NOW() - INTERVAL 60 DAY,
    NOW()
  ),
  (
    6,
    1,
    'Mate 70 Pro 罗兰紫 512GB',
    '[{"k":"颜色","v":"罗兰紫"},{"k":"存储","v":"512GB"}]',
    7999.00,
    400,
    'HUAWEI-M70P-PL-512',
    'https://img.mall.com/products/mate70-pro-purple.jpg',
    0.225,
    1,
    6,
    NOW() - INTERVAL 60 DAY,
    NOW()
  ),
  (
    7,
    1,
    'Mate 70 Pro 青山黛 512GB',
    '[{"k":"颜色","v":"青山黛"},{"k":"存储","v":"512GB"}]',
    7999.00,
    350,
    'HUAWEI-M70P-GR-512',
    'https://img.mall.com/products/mate70-pro-green.jpg',
    0.225,
    1,
    7,
    NOW() - INTERVAL 60 DAY,
    NOW()
  ),
  -- iPhone 16 Pro Max (product_id=2) — 4色 × 3存储 = 12 SKU
  (
    8,
    2,
    'iPhone 16 Pro Max 原色钛 256GB',
    '[{"k":"颜色","v":"原色钛金属"},{"k":"存储","v":"256GB"}]',
    9999.00,
    1200,
    'AP-IP16PM-NT-256',
    'https://img.mall.com/products/iphone16pm-natural.jpg',
    0.227,
    1,
    1,
    NOW() - INTERVAL 60 DAY,
    NOW()
  ),
  (
    9,
    2,
    'iPhone 16 Pro Max 原色钛 512GB',
    '[{"k":"颜色","v":"原色钛金属"},{"k":"存储","v":"512GB"}]',
    11999.00,
    800,
    'AP-IP16PM-NT-512',
    'https://img.mall.com/products/iphone16pm-natural.jpg',
    0.227,
    1,
    2,
    NOW() - INTERVAL 60 DAY,
    NOW()
  ),
  (
    10,
    2,
    'iPhone 16 Pro Max 原色钛 1TB',
    '[{"k":"颜色","v":"原色钛金属"},{"k":"存储","v":"1TB"}]',
    13999.00,
    300,
    'AP-IP16PM-NT-1T',
    'https://img.mall.com/products/iphone16pm-natural.jpg',
    0.227,
    1,
    3,
    NOW() - INTERVAL 60 DAY,
    NOW()
  ),
  (
    11,
    2,
    'iPhone 16 Pro Max 白钛 256GB',
    '[{"k":"颜色","v":"白色钛金属"},{"k":"存储","v":"256GB"}]',
    9999.00,
    1000,
    'AP-IP16PM-WT-256',
    'https://img.mall.com/products/iphone16pm-white.jpg',
    0.227,
    1,
    4,
    NOW() - INTERVAL 60 DAY,
    NOW()
  ),
  (
    12,
    2,
    'iPhone 16 Pro Max 黑钛 512GB',
    '[{"k":"颜色","v":"黑色钛金属"},{"k":"存储","v":"512GB"}]',
    11999.00,
    700,
    'AP-IP16PM-BK-512',
    'https://img.mall.com/products/iphone16pm-black.jpg',
    0.227,
    1,
    5,
    NOW() - INTERVAL 60 DAY,
    NOW()
  ),
  (
    13,
    2,
    'iPhone 16 Pro Max 沙漠金 512GB',
    '[{"k":"颜色","v":"沙漠色钛金属"},{"k":"存储","v":"512GB"}]',
    11999.00,
    500,
    'AP-IP16PM-DS-512',
    'https://img.mall.com/products/iphone16pm-desert.jpg',
    0.227,
    1,
    6,
    NOW() - INTERVAL 60 DAY,
    NOW()
  ),
  -- 小米 15 Ultra (product_id=3) — 3色 × 3存储 = 9 SKU
  (
    14,
    3,
    '小米15 Ultra 黑色 256GB',
    '[{"k":"颜色","v":"黑色"},{"k":"存储","v":"256GB"}]',
    5999.00,
    1200,
    'MI-15ULT-BK-256',
    'https://img.mall.com/products/mi15ultra-black.jpg',
    0.229,
    1,
    1,
    NOW() - INTERVAL 55 DAY,
    NOW()
  ),
  (
    15,
    3,
    '小米15 Ultra 黑色 512GB',
    '[{"k":"颜色","v":"黑色"},{"k":"存储","v":"512GB"}]',
    6999.00,
    800,
    'MI-15ULT-BK-512',
    'https://img.mall.com/products/mi15ultra-black.jpg',
    0.229,
    1,
    2,
    NOW() - INTERVAL 55 DAY,
    NOW()
  ),
  (
    16,
    3,
    '小米15 Ultra 白色 512GB',
    '[{"k":"颜色","v":"白色"},{"k":"存储","v":"512GB"}]',
    6999.00,
    600,
    'MI-15ULT-WH-512',
    'https://img.mall.com/products/mi15ultra-white.jpg',
    0.229,
    1,
    3,
    NOW() - INTERVAL 55 DAY,
    NOW()
  ),
  (
    17,
    3,
    '小米15 Ultra 银色 1TB',
    '[{"k":"颜色","v":"银色"},{"k":"存储","v":"1TB"}]',
    7999.00,
    200,
    'MI-15ULT-SV-1T',
    'https://img.mall.com/products/mi15ultra-silver.jpg',
    0.229,
    1,
    4,
    NOW() - INTERVAL 55 DAY,
    NOW()
  ),
  -- OPPO Find X8 Pro (product_id=4) — 3色 × 2存储 = 6 SKU
  (
    18,
    4,
    'OPPO Find X8 Pro 星穹黑 256GB',
    '[{"k":"颜色","v":"星穹黑"},{"k":"存储","v":"256GB"}]',
    5299.00,
    800,
    'OPPO-FX8P-BK-256',
    'https://img.mall.com/products/findx8pro-black.jpg',
    0.215,
    1,
    1,
    NOW() - INTERVAL 50 DAY,
    NOW()
  ),
  (
    19,
    4,
    'OPPO Find X8 Pro 星穹黑 512GB',
    '[{"k":"颜色","v":"星穹黑"},{"k":"存储","v":"512GB"}]',
    5999.00,
    500,
    'OPPO-FX8P-BK-512',
    'https://img.mall.com/products/findx8pro-black.jpg',
    0.215,
    1,
    2,
    NOW() - INTERVAL 50 DAY,
    NOW()
  ),
  (
    20,
    4,
    'OPPO Find X8 Pro 云霞粉 512GB',
    '[{"k":"颜色","v":"云霞粉"},{"k":"存储","v":"512GB"}]',
    5999.00,
    300,
    'OPPO-FX8P-PK-512',
    'https://img.mall.com/products/findx8pro-pink.jpg',
    0.215,
    1,
    3,
    NOW() - INTERVAL 50 DAY,
    NOW()
  ),
  -- 三星 Galaxy S25 Ultra (product_id=5) — 4色 × 3存储 = 12 SKU
  (
    21,
    5,
    'S25 Ultra 钛灰 256GB',
    '[{"k":"颜色","v":"钛灰"},{"k":"存储","v":"256GB"}]',
    9699.00,
    600,
    'SAMSUNG-S25U-GY-256',
    'https://img.mall.com/products/s25ultra-gray.jpg',
    0.233,
    1,
    1,
    NOW() - INTERVAL 45 DAY,
    NOW()
  ),
  (
    22,
    5,
    'S25 Ultra 钛黑 512GB',
    '[{"k":"颜色","v":"钛黑"},{"k":"存储","v":"512GB"}]',
    10999.00,
    500,
    'SAMSUNG-S25U-BK-512',
    'https://img.mall.com/products/s25ultra-black.jpg',
    0.233,
    1,
    2,
    NOW() - INTERVAL 45 DAY,
    NOW()
  ),
  (
    23,
    5,
    'S25 Ultra 钛紫 1TB',
    '[{"k":"颜色","v":"钛紫"},{"k":"存储","v":"1TB"}]',
    12599.00,
    100,
    'SAMSUNG-S25U-PL-1T',
    'https://img.mall.com/products/s25ultra-purple.jpg',
    0.233,
    1,
    3,
    NOW() - INTERVAL 45 DAY,
    NOW()
  ),
  -- iPad Pro M4 (product_id=6) — 2色 × 4存储 = 8 SKU
  (
    24,
    6,
    'iPad Pro M4 银色 256GB',
    '[{"k":"颜色","v":"银色"},{"k":"存储","v":"256GB"}]',
    8999.00,
    500,
    'AP-IPPM4-SV-256',
    'https://img.mall.com/products/ipadprom4-silver.jpg',
    0.682,
    1,
    1,
    NOW() - INTERVAL 55 DAY,
    NOW()
  ),
  (
    25,
    6,
    'iPad Pro M4 银色 512GB',
    '[{"k":"颜色","v":"银色"},{"k":"存储","v":"512GB"}]',
    10999.00,
    400,
    'AP-IPPM4-SV-512',
    'https://img.mall.com/products/ipadprom4-silver.jpg',
    0.682,
    1,
    2,
    NOW() - INTERVAL 55 DAY,
    NOW()
  ),
  (
    26,
    6,
    'iPad Pro M4 深空黑 1TB',
    '[{"k":"颜色","v":"深空黑"},{"k":"存储","v":"1TB"}]',
    11999.00,
    200,
    'AP-IPPM4-BK-1T',
    'https://img.mall.com/products/ipadprom4-black.jpg',
    0.682,
    1,
    3,
    NOW() - INTERVAL 55 DAY,
    NOW()
  ),
  -- MacBook Pro 16 M4 Max (product_id=13) — 2色 × 3内存 = 6 SKU
  (
    27,
    13,
    'MacBook Pro 16 银色 36GB',
    '[{"k":"颜色","v":"银色"},{"k":"内存","v":"36GB"}]',
    19999.00,
    300,
    'AP-MBP16-SV-36',
    'https://img.mall.com/products/mbp16-silver.jpg',
    2.140,
    1,
    1,
    NOW() - INTERVAL 50 DAY,
    NOW()
  ),
  (
    28,
    13,
    'MacBook Pro 16 银色 48GB',
    '[{"k":"颜色","v":"银色"},{"k":"内存","v":"48GB"}]',
    24999.00,
    200,
    'AP-MBP16-SV-48',
    'https://img.mall.com/products/mbp16-silver.jpg',
    2.140,
    1,
    2,
    NOW() - INTERVAL 50 DAY,
    NOW()
  ),
  (
    29,
    13,
    'MacBook Pro 16 深空黑 48GB',
    '[{"k":"颜色","v":"深空黑"},{"k":"内存","v":"48GB"}]',
    24999.00,
    150,
    'AP-MBP16-BK-48',
    'https://img.mall.com/products/mbp16-black.jpg',
    2.140,
    1,
    3,
    NOW() - INTERVAL 50 DAY,
    NOW()
  ),
  (
    30,
    13,
    'MacBook Pro 16 深空黑 128GB',
    '[{"k":"颜色","v":"深空黑"},{"k":"内存","v":"128GB"}]',
    32999.00,
    50,
    'AP-MBP16-BK-128',
    'https://img.mall.com/products/mbp16-black.jpg',
    2.140,
    1,
    4,
    NOW() - INTERVAL 50 DAY,
    NOW()
  ),
  -- 耐克 Air Max 270 (product_id=26) — 3色 × 6尺码 = 18 SKU
  (
    31,
    26,
    'Air Max 270 黑白 42',
    '[{"k":"颜色","v":"黑白"},{"k":"尺码","v":"42"}]',
    1099.00,
    200,
    'NK-AM270-BW-42',
    'https://img.mall.com/products/airmax270-bw.jpg',
    0.350,
    1,
    1,
    NOW() - INTERVAL 30 DAY,
    NOW()
  ),
  (
    32,
    26,
    'Air Max 270 黑白 43',
    '[{"k":"颜色","v":"黑白"},{"k":"尺码","v":"43"}]',
    1099.00,
    180,
    'NK-AM270-BW-43',
    'https://img.mall.com/products/airmax270-bw.jpg',
    0.350,
    1,
    2,
    NOW() - INTERVAL 30 DAY,
    NOW()
  ),
  (
    33,
    26,
    'Air Max 270 蓝白 42',
    '[{"k":"颜色","v":"蓝白"},{"k":"尺码","v":"42"}]',
    1099.00,
    150,
    'NK-AM270-BU-42',
    'https://img.mall.com/products/airmax270-blue.jpg',
    0.350,
    1,
    3,
    NOW() - INTERVAL 30 DAY,
    NOW()
  ),
  (
    34,
    26,
    'Air Max 270 全黑 43',
    '[{"k":"颜色","v":"全黑"},{"k":"尺码","v":"43"}]',
    1299.00,
    120,
    'NK-AM270-AL-43',
    'https://img.mall.com/products/airmax270-black.jpg',
    0.350,
    1,
    4,
    NOW() - INTERVAL 30 DAY,
    NOW()
  ),
  -- 阿迪达斯 Ultraboost 26 (product_id=27) — 3色 × 3尺码 = 9 SKU
  (
    35,
    27,
    'Ultraboost 26 核心黑 42',
    '[{"k":"颜色","v":"核心黑"},{"k":"尺码","v":"42"}]',
    1299.00,
    180,
    'AD-UB26-BK-42',
    'https://img.mall.com/products/ultraboost26-black.jpg',
    0.320,
    1,
    1,
    NOW() - INTERVAL 30 DAY,
    NOW()
  ),
  (
    36,
    27,
    'Ultraboost 26 云白 42',
    '[{"k":"颜色","v":"云白"},{"k":"尺码","v":"42"}]',
    1299.00,
    160,
    'AD-UB26-WH-42',
    'https://img.mall.com/products/ultraboost26-white.jpg',
    0.320,
    1,
    2,
    NOW() - INTERVAL 30 DAY,
    NOW()
  ),
  (
    37,
    27,
    'Ultraboost 26 灰色 43',
    '[{"k":"颜色","v":"灰色"},{"k":"尺码","v":"43"}]',
    1499.00,
    100,
    'AD-UB26-GY-43',
    'https://img.mall.com/products/ultraboost26-gray.jpg',
    0.320,
    1,
    3,
    NOW() - INTERVAL 30 DAY,
    NOW()
  ),
  -- 安踏 KT9 (product_id=28) — 3色 × 3尺码 = 9 SKU
  (
    38,
    28,
    'KT9 海水蓝 42',
    '[{"k":"颜色","v":"海水蓝"},{"k":"尺码","v":"42"}]',
    899.00,
    200,
    'ANTA-KT9-BL-42',
    'https://img.mall.com/products/anta-kt9-blue.jpg',
    0.420,
    1,
    1,
    NOW() - INTERVAL 25 DAY,
    NOW()
  ),
  (
    39,
    28,
    'KT9 海水蓝 43',
    '[{"k":"颜色","v":"海水蓝"},{"k":"尺码","v":"43"}]',
    899.00,
    150,
    'ANTA-KT9-BL-43',
    'https://img.mall.com/products/anta-kt9-blue.jpg',
    0.420,
    1,
    2,
    NOW() - INTERVAL 25 DAY,
    NOW()
  ),
  (
    40,
    28,
    'KT9 黑白 42',
    '[{"k":"颜色","v":"黑白"},{"k":"尺码","v":"42"}]',
    899.00,
    180,
    'ANTA-KT9-BW-42',
    'https://img.mall.com/products/anta-kt9-bw.jpg',
    0.420,
    1,
    3,
    NOW() - INTERVAL 25 DAY,
    NOW()
  ),
  (
    41,
    28,
    'KT9 珊瑚红 43',
    '[{"k":"颜色","v":"珊瑚红"},{"k":"尺码","v":"43"}]',
    999.00,
    100,
    'ANTA-KT9-RD-43',
    'https://img.mall.com/products/anta-kt9-red.jpg',
    0.420,
    1,
    4,
    NOW() - INTERVAL 25 DAY,
    NOW()
  );
-- =============================================================
-- 6. 收货地址 (user_address) — 每个用户 1~3 个地址
-- =============================================================
TRUNCATE TABLE user_address;
INSERT INTO user_address (
    id,
    user_id,
    receiver_name,
    receiver_phone,
    province,
    city,
    district,
    detail,
    is_default,
    status,
    created_at,
    updated_at
  )
VALUES (
    1,
    3,
    '张三',
    '13912345678',
    '广东省',
    '深圳市',
    '南山区',
    '科技园南区粤海街道100号',
    1,
    1,
    NOW() - INTERVAL 100 DAY,
    NOW()
  ),
  (
    2,
    3,
    '张三',
    '13912345678',
    '广东省',
    '广州市',
    '天河区',
    '珠江新城华夏路50号',
    0,
    1,
    NOW() - INTERVAL 80 DAY,
    NOW()
  ),
  (
    3,
    4,
    '李四',
    '13912345679',
    '北京市',
    '北京市',
    '朝阳区',
    '望京SOHO T3 1501',
    1,
    1,
    NOW() - INTERVAL 90 DAY,
    NOW()
  ),
  (
    4,
    5,
    '王五',
    '13912345680',
    '上海市',
    '上海市',
    '浦东新区',
    '张江高科技园区博云路200号',
    1,
    1,
    NOW() - INTERVAL 85 DAY,
    NOW()
  ),
  (
    5,
    6,
    '赵六',
    '13912345681',
    '浙江省',
    '杭州市',
    '西湖区',
    '文三路478号华星科技大厦',
    1,
    1,
    NOW() - INTERVAL 75 DAY,
    NOW()
  ),
  (
    6,
    7,
    '孙七',
    '13912345682',
    '四川省',
    '成都市',
    '高新区',
    '天府大道中段688号',
    1,
    1,
    NOW() - INTERVAL 70 DAY,
    NOW()
  ),
  (
    7,
    8,
    '周八',
    '13912345683',
    '湖北省',
    '武汉市',
    '洪山区',
    '珞瑜路1037号华中科技大学',
    1,
    1,
    NOW() - INTERVAL 60 DAY,
    NOW()
  ),
  (
    8,
    9,
    '吴九',
    '13912345684',
    '江苏省',
    '南京市',
    '鼓楼区',
    '汉口路22号南京大学',
    1,
    1,
    NOW() - INTERVAL 50 DAY,
    NOW()
  ),
  (
    9,
    10,
    '郑十',
    '13912345685',
    '广东省',
    '深圳市',
    '福田区',
    '华强北路1001号',
    1,
    1,
    NOW() - INTERVAL 45 DAY,
    NOW()
  ),
  (
    10,
    10,
    '郑十',
    '13912345685',
    '广东省',
    '深圳市',
    '龙岗区',
    '坂田街道华为基地',
    0,
    1,
    NOW() - INTERVAL 40 DAY,
    NOW()
  ),
  (
    11,
    11,
    '刘一',
    '13912345686',
    '北京市',
    '北京市',
    '海淀区',
    '中关村大街59号',
    1,
    1,
    NOW() - INTERVAL 38 DAY,
    NOW()
  ),
  (
    12,
    12,
    '陈二',
    '13912345687',
    '上海市',
    '上海市',
    '徐汇区',
    '漕溪北路331号',
    1,
    1,
    NOW() - INTERVAL 35 DAY,
    NOW()
  ),
  (
    13,
    13,
    '黄三',
    '13912345688',
    '浙江省',
    '杭州市',
    '余杭区',
    '文一西路969号阿里巴巴园区',
    1,
    1,
    NOW() - INTERVAL 30 DAY,
    NOW()
  ),
  (
    14,
    14,
    '林七',
    '13912345689',
    '广东省',
    '广州市',
    '番禺区',
    '大学城外环西路100号',
    1,
    1,
    NOW() - INTERVAL 25 DAY,
    NOW()
  ),
  (
    15,
    15,
    '何霞',
    '13912345690',
    '江苏省',
    '苏州市',
    '工业园区',
    '金鸡湖大道1355号',
    1,
    1,
    NOW() - INTERVAL 20 DAY,
    NOW()
  ),
  (
    16,
    16,
    '苟车',
    '13912345691',
    '湖南省',
    '长沙市',
    '岳麓区',
    '麓山南路932号中南大学',
    1,
    1,
    NOW() - INTERVAL 18 DAY,
    NOW()
  ),
  (
    17,
    17,
    '沈华',
    '13912345692',
    '陕西省',
    '西安市',
    '雁塔区',
    '高新路88号',
    1,
    1,
    NOW() - INTERVAL 15 DAY,
    NOW()
  ),
  (
    18,
    18,
    '韩雨',
    '13912345693',
    '重庆市',
    '重庆市',
    '渝北区',
    '洪湖西路26号',
    1,
    1,
    NOW() - INTERVAL 10 DAY,
    NOW()
  ),
  (
    19,
    19,
    'test',
    '13912345694',
    '广东省',
    '深圳市',
    '南山区',
    '科技中一路腾讯大厦',
    1,
    1,
    NOW() - INTERVAL 5 DAY,
    NOW()
  ),
  (
    20,
    20,
    'demo',
    '13912345695',
    '北京市',
    '北京市',
    '昌平区',
    '回龙观东大街28号',
    1,
    1,
    NOW() - INTERVAL 3 DAY,
    NOW()
  );
-- =============================================================
-- 7. 购物车数据 (cart_item) — 部分用户有购物车记录
-- =============================================================
TRUNCATE TABLE cart_item;
INSERT INTO cart_item (
    id,
    user_id,
    product_id,
    sku_id,
    quantity,
    selected,
    created_at,
    updated_at
  )
VALUES (
    1,
    3,
    1,
    1,
    1,
    1,
    NOW() - INTERVAL 10 DAY,
    NOW()
  ),
  (
    2,
    3,
    11,
    NULL,
    2,
    1,
    NOW() - INTERVAL 8 DAY,
    NOW()
  ),
  (
    3,
    3,
    29,
    NULL,
    3,
    1,
    NOW() - INTERVAL 7 DAY,
    NOW()
  ),
  (
    4,
    4,
    2,
    8,
    1,
    1,
    NOW() - INTERVAL 6 DAY,
    NOW()
  ),
  (
    5,
    4,
    33,
    NULL,
    1,
    1,
    NOW() - INTERVAL 5 DAY,
    NOW()
  ),
  (
    6,
    5,
    26,
    31,
    1,
    1,
    NOW() - INTERVAL 4 DAY,
    NOW()
  ),
  (
    7,
    5,
    40,
    NULL,
    2,
    1,
    NOW() - INTERVAL 3 DAY,
    NOW()
  ),
  (
    8,
    6,
    3,
    14,
    1,
    1,
    NOW() - INTERVAL 4 DAY,
    NOW()
  ),
  (
    9,
    7,
    18,
    NULL,
    1,
    1,
    NOW() - INTERVAL 3 DAY,
    NOW()
  ),
  (
    10,
    8,
    21,
    NULL,
    1,
    1,
    NOW() - INTERVAL 2 DAY,
    NOW()
  ),
  (
    11,
    9,
    34,
    NULL,
    1,
    1,
    NOW() - INTERVAL 2 DAY,
    NOW()
  ),
  (
    12,
    10,
    5,
    21,
    1,
    1,
    NOW() - INTERVAL 1 DAY,
    NOW()
  ),
  (
    13,
    11,
    15,
    NULL,
    1,
    1,
    NOW() - INTERVAL 1 DAY,
    NOW()
  ),
  (
    14,
    12,
    30,
    NULL,
    5,
    1,
    NOW() - INTERVAL 12 HOUR,
    NOW()
  ),
  (
    15,
    13,
    38,
    NULL,
    1,
    1,
    NOW() - INTERVAL 10 HOUR,
    NOW()
  ),
  (
    16,
    14,
    35,
    NULL,
    2,
    1,
    NOW() - INTERVAL 8 HOUR,
    NOW()
  ),
  (
    17,
    15,
    27,
    35,
    1,
    1,
    NOW() - INTERVAL 6 HOUR,
    NOW()
  ),
  (
    18,
    19,
    1,
    1,
    1,
    1,
    NOW() - INTERVAL 5 HOUR,
    NOW()
  ),
  (
    19,
    19,
    18,
    NULL,
    1,
    1,
    NOW() - INTERVAL 4 HOUR,
    NOW()
  ),
  (
    20,
    19,
    33,
    NULL,
    1,
    1,
    NOW() - INTERVAL 3 HOUR,
    NOW()
  ),
  (
    21,
    20,
    6,
    24,
    1,
    1,
    NOW() - INTERVAL 2 HOUR,
    NOW()
  ),
  (
    22,
    20,
    11,
    NULL,
    1,
    0,
    NOW() - INTERVAL 1 HOUR,
    NOW()
  );
-- =============================================================
-- 8. 订单数据 (orders) + 9. 订单项 (order_item)
-- =============================================================
TRUNCATE TABLE orders;
TRUNCATE TABLE order_item;
-- 订单 1: 已完成 — 张三的华为手机
INSERT INTO orders (
    id,
    order_no,
    user_id,
    total_amount,
    status,
    payment_method,
    paid_at,
    address_snapshot,
    remark,
    shipped_at,
    completed_at,
    is_flash_sale,
    created_at,
    updated_at
  )
VALUES (
    1,
    'ORD20260401001',
    3,
    6999.00,
    3,
    'SIMULATED',
    NOW() - INTERVAL 23 DAY,
    '{"receiverName":"张三","phone":"13912345678","province":"广东省","city":"深圳市","district":"南山区","detail":"科技园南区粤海街道100号"}',
    '请尽快发货',
    NOW() - INTERVAL 22 DAY,
    NOW() - INTERVAL 20 DAY,
    0,
    NOW() - INTERVAL 24 DAY,
    NOW() - INTERVAL 20 DAY
  );
INSERT INTO order_item (
    order_id,
    product_id,
    product_name,
    product_image,
    sku_id,
    sku_name,
    price,
    quantity,
    subtotal
  )
VALUES (
    1,
    1,
    '华为 Mate 70 Pro',
    'https://img.mall.com/products/mate70-pro-1.jpg',
    1,
    'Mate 70 Pro 曜金黑 256GB',
    6999.00,
    1,
    6999.00
  );
-- 订单 2: 已完成 — 李四的iPhone + 书
INSERT INTO orders (
    id,
    order_no,
    user_id,
    total_amount,
    status,
    payment_method,
    paid_at,
    address_snapshot,
    remark,
    shipped_at,
    completed_at,
    is_flash_sale,
    created_at,
    updated_at
  )
VALUES (
    2,
    'ORD20260402001',
    4,
    10088.00,
    3,
    'SIMULATED',
    NOW() - INTERVAL 22 DAY,
    '{"receiverName":"李四","phone":"13912345679","province":"北京市","city":"北京市","district":"朝阳区","detail":"望京SOHO T3 1501"}',
    '',
    NOW() - INTERVAL 21 DAY,
    NOW() - INTERVAL 19 DAY,
    0,
    NOW() - INTERVAL 23 DAY,
    NOW() - INTERVAL 19 DAY
  );
INSERT INTO order_item (
    order_id,
    product_id,
    product_name,
    product_image,
    sku_id,
    sku_name,
    price,
    quantity,
    subtotal
  )
VALUES (
    2,
    2,
    'iPhone 16 Pro Max',
    'https://img.mall.com/products/iphone16pm-1.jpg',
    8,
    'iPhone 16 Pro Max 原色钛 256GB',
    9999.00,
    1,
    9999.00
  ),
  (
    2,
    32,
    '《深度学习》(花书)',
    'https://img.mall.com/products/deeplearning-book-1.jpg',
    NULL,
    NULL,
    89.00,
    1,
    89.00
  );
-- 订单 3: 已完成 — 王五的耳机
INSERT INTO orders (
    id,
    order_no,
    user_id,
    total_amount,
    status,
    payment_method,
    paid_at,
    address_snapshot,
    remark,
    shipped_at,
    completed_at,
    is_flash_sale,
    created_at,
    updated_at
  )
VALUES (
    3,
    'ORD20260403001',
    5,
    1899.00,
    3,
    'SIMULATED',
    NOW() - INTERVAL 20 DAY,
    '{"receiverName":"王五","phone":"13912345680","province":"上海市","city":"上海市","district":"浦东新区","detail":"张江高科技园区博云路200号"}',
    '',
    NOW() - INTERVAL 19 DAY,
    NOW() - INTERVAL 17 DAY,
    0,
    NOW() - INTERVAL 21 DAY,
    NOW() - INTERVAL 17 DAY
  );
INSERT INTO order_item (
    order_id,
    product_id,
    product_name,
    product_image,
    sku_id,
    sku_name,
    price,
    quantity,
    subtotal
  )
VALUES (
    3,
    11,
    'AirPods Pro 3',
    'https://img.mall.com/products/airpodspro3-1.jpg',
    NULL,
    NULL,
    1899.00,
    1,
    1899.00
  );
-- 订单 4: 已发货 — 赵六的小米手机
INSERT INTO orders (
    id,
    order_no,
    user_id,
    total_amount,
    status,
    payment_method,
    paid_at,
    address_snapshot,
    remark,
    shipped_at,
    is_flash_sale,
    created_at,
    updated_at
  )
VALUES (
    4,
    'ORD20260410001',
    6,
    5999.00,
    2,
    'SIMULATED',
    NOW() - INTERVAL 14 DAY,
    '{"receiverName":"赵六","phone":"13912345681","province":"浙江省","city":"杭州市","district":"西湖区","detail":"文三路478号华星科技大厦"}',
    '',
    NOW() - INTERVAL 12 DAY,
    0,
    NOW() - INTERVAL 15 DAY,
    NOW() - INTERVAL 12 DAY
  );
INSERT INTO order_item (
    order_id,
    product_id,
    product_name,
    product_image,
    sku_id,
    sku_name,
    price,
    quantity,
    subtotal
  )
VALUES (
    4,
    3,
    '小米 15 Ultra',
    'https://img.mall.com/products/mi15ultra-1.jpg',
    14,
    '小米15 Ultra 黑色 256GB',
    5999.00,
    1,
    5999.00
  );
-- 订单 5: 已发货 — 孙七的鼠标 + 电动牙刷
INSERT INTO orders (
    id,
    order_no,
    user_id,
    total_amount,
    status,
    payment_method,
    paid_at,
    address_snapshot,
    remark,
    shipped_at,
    is_flash_sale,
    created_at,
    updated_at
  )
VALUES (
    5,
    'ORD20260411001',
    7,
    1498.00,
    2,
    'SIMULATED',
    NOW() - INTERVAL 13 DAY,
    '{"receiverName":"孙七","phone":"13912345682","province":"四川省","city":"成都市","district":"高新区","detail":"天府大道中段688号"}',
    '工作日放快递柜',
    NOW() - INTERVAL 11 DAY,
    0,
    NOW() - INTERVAL 14 DAY,
    NOW() - INTERVAL 11 DAY
  );
INSERT INTO order_item (
    order_id,
    product_id,
    product_name,
    product_image,
    sku_id,
    sku_name,
    price,
    quantity,
    subtotal
  )
VALUES (
    5,
    18,
    '罗技 MX Master 3S',
    'https://img.mall.com/products/mxmaster3s-1.jpg',
    NULL,
    NULL,
    799.00,
    1,
    799.00
  ),
  (
    5,
    40,
    '飞利浦电动牙刷 HX99',
    'https://img.mall.com/products/philips-hx99-1.jpg',
    NULL,
    NULL,
    699.00,
    1,
    699.00
  );
-- 订单 6: 已支付 — 周八的海尔冰箱
INSERT INTO orders (
    id,
    order_no,
    user_id,
    total_amount,
    status,
    payment_method,
    paid_at,
    address_snapshot,
    remark,
    is_flash_sale,
    created_at,
    updated_at
  )
VALUES (
    6,
    'ORD20260418001',
    8,
    4999.00,
    1,
    'SIMULATED',
    NOW() - INTERVAL 5 DAY,
    '{"receiverName":"周八","phone":"13912345683","province":"湖北省","city":"武汉市","district":"洪山区","detail":"珞瑜路1037号华中科技大学"}',
    '周末不送货',
    0,
    NOW() - INTERVAL 6 DAY,
    NOW() - INTERVAL 5 DAY
  );
INSERT INTO order_item (
    order_id,
    product_id,
    product_name,
    product_image,
    sku_id,
    sku_name,
    price,
    quantity,
    subtotal
  )
VALUES (
    6,
    21,
    '海尔 BCD-500WGHTD',
    'https://img.mall.com/products/haier-bcd500-1.jpg',
    NULL,
    NULL,
    4999.00,
    1,
    4999.00
  );
-- 订单 7: 已支付 — 吴九的书
INSERT INTO orders (
    id,
    order_no,
    user_id,
    total_amount,
    status,
    payment_method,
    paid_at,
    address_snapshot,
    is_flash_sale,
    created_at,
    updated_at
  )
VALUES (
    7,
    'ORD20260419001',
    9,
    99.00,
    1,
    'SIMULATED',
    NOW() - INTERVAL 4 DAY,
    '{"receiverName":"吴九","phone":"13912345684","province":"江苏省","city":"南京市","district":"鼓楼区","detail":"汉口路22号南京大学"}',
    0,
    NOW() - INTERVAL 5 DAY,
    NOW() - INTERVAL 4 DAY
  );
INSERT INTO order_item (
    order_id,
    product_id,
    product_name,
    product_image,
    sku_id,
    sku_name,
    price,
    quantity,
    subtotal
  )
VALUES (
    7,
    34,
    '《凤凰架构》',
    'https://img.mall.com/products/phoenix-arch-1.jpg',
    NULL,
    NULL,
    99.00,
    1,
    99.00
  );
-- 订单 8: 待支付 — 郑十的三星手机
INSERT INTO orders (
    id,
    order_no,
    user_id,
    total_amount,
    status,
    address_snapshot,
    is_flash_sale,
    created_at,
    updated_at
  )
VALUES (
    8,
    'ORD20260420001',
    10,
    9699.00,
    0,
    '{"receiverName":"郑十","phone":"13912345685","province":"广东省","city":"深圳市","district":"福田区","detail":"华强北路1001号"}',
    0,
    NOW() - INTERVAL 4 DAY,
    NOW() - INTERVAL 4 DAY
  );
INSERT INTO order_item (
    order_id,
    product_id,
    product_name,
    product_image,
    sku_id,
    sku_name,
    price,
    quantity,
    subtotal
  )
VALUES (
    8,
    5,
    '三星 Galaxy S25 Ultra',
    'https://img.mall.com/products/s25ultra-1.jpg',
    21,
    'S25 Ultra 钛灰 256GB',
    9699.00,
    1,
    9699.00
  );
-- 订单 9: 待支付 — 刘一的大衣
INSERT INTO orders (
    id,
    order_no,
    user_id,
    total_amount,
    status,
    address_snapshot,
    is_flash_sale,
    created_at,
    updated_at
  )
VALUES (
    9,
    'ORD20260421001',
    11,
    1599.00,
    0,
    '{"receiverName":"刘一","phone":"13912345686","province":"北京市","city":"北京市","district":"海淀区","detail":"中关村大街59号"}',
    0,
    NOW() - INTERVAL 3 DAY,
    NOW() - INTERVAL 3 DAY
  );
INSERT INTO order_item (
    order_id,
    product_id,
    product_name,
    product_image,
    sku_id,
    sku_name,
    price,
    quantity,
    subtotal
  )
VALUES (
    9,
    25,
    '太平鸟毛呢大衣',
    'https://img.mall.com/products/peacebird-coat-1.jpg',
    NULL,
    NULL,
    1599.00,
    1,
    1599.00
  );
-- 订单 10: 待支付 — 陈二的零食
INSERT INTO orders (
    id,
    order_no,
    user_id,
    total_amount,
    status,
    address_snapshot,
    is_flash_sale,
    created_at,
    updated_at
  )
VALUES (
    10,
    'ORD20260422001',
    12,
    149.50,
    0,
    '{"receiverName":"陈二","phone":"13912345687","province":"上海市","city":"上海市","district":"徐汇区","detail":"漕溪北路331号"}',
    0,
    NOW() - INTERVAL 2 DAY,
    NOW() - INTERVAL 2 DAY
  );
INSERT INTO order_item (
    order_id,
    product_id,
    product_name,
    product_image,
    sku_id,
    sku_name,
    price,
    quantity,
    subtotal
  )
VALUES (
    10,
    29,
    '三只松鼠每日坚果礼盒',
    'https://img.mall.com/products/3squirrels-nuts-1.jpg',
    NULL,
    NULL,
    89.00,
    1,
    89.00
  ),
  (
    10,
    30,
    '良品铺子肉松饼',
    'https://img.mall.com/products/lppz-roussong-1.jpg',
    NULL,
    NULL,
    29.90,
    2,
    59.80
  );
-- 订单 11: 已取消 — 黄三取消了笔记本订单
INSERT INTO orders (
    id,
    order_no,
    user_id,
    total_amount,
    status,
    address_snapshot,
    cancel_reason,
    canceled_at,
    is_flash_sale,
    created_at,
    updated_at
  )
VALUES (
    11,
    'ORD20260415001',
    13,
    7999.00,
    4,
    '{"receiverName":"黄三","phone":"13912345688","province":"浙江省","city":"杭州市","district":"余杭区","detail":"文一西路969号阿里巴巴园区"}',
    '不想要了',
    NOW() - INTERVAL 8 DAY,
    0,
    NOW() - INTERVAL 9 DAY,
    NOW() - INTERVAL 8 DAY
  );
INSERT INTO order_item (
    order_id,
    product_id,
    product_name,
    product_image,
    sku_id,
    sku_name,
    price,
    quantity,
    subtotal
  )
VALUES (
    11,
    16,
    '小米笔记本 Pro 16 2025',
    'https://img.mall.com/products/mibookpro16-1.jpg',
    NULL,
    NULL,
    7999.00,
    1,
    7999.00
  );
-- 订单 12: 已取消 — 林七取消 AirPods
INSERT INTO orders (
    id,
    order_no,
    user_id,
    total_amount,
    status,
    payment_method,
    paid_at,
    address_snapshot,
    cancel_reason,
    canceled_at,
    refund_amount,
    refunded_at,
    is_flash_sale,
    created_at,
    updated_at
  )
VALUES (
    12,
    'ORD20260412001',
    14,
    1899.00,
    4,
    'SIMULATED',
    NOW() - INTERVAL 12 DAY,
    '{"receiverName":"林七","phone":"13912345689","province":"广东省","city":"广州市","district":"番禺区","detail":"大学城外环西路100号"}',
    '发现买贵了',
    NOW() - INTERVAL 11 DAY,
    1899.00,
    NOW() - INTERVAL 11 DAY,
    0,
    NOW() - INTERVAL 13 DAY,
    NOW() - INTERVAL 11 DAY
  );
INSERT INTO order_item (
    order_id,
    product_id,
    product_name,
    product_image,
    sku_id,
    sku_name,
    price,
    quantity,
    subtotal
  )
VALUES (
    12,
    11,
    'AirPods Pro 3',
    'https://img.mall.com/products/airpodspro3-1.jpg',
    NULL,
    NULL,
    1899.00,
    1,
    1899.00
  );
-- 订单 13: 已完成 — 何霞的运动鞋
INSERT INTO orders (
    id,
    order_no,
    user_id,
    total_amount,
    status,
    payment_method,
    paid_at,
    address_snapshot,
    shipped_at,
    completed_at,
    is_flash_sale,
    created_at,
    updated_at
  )
VALUES (
    13,
    'ORD20260405001',
    15,
    2398.00,
    3,
    'SIMULATED',
    NOW() - INTERVAL 18 DAY,
    '{"receiverName":"何霞","phone":"13912345690","province":"江苏省","city":"苏州市","district":"工业园区","detail":"金鸡湖大道1355号"}',
    NOW() - INTERVAL 17 DAY,
    NOW() - INTERVAL 14 DAY,
    0,
    NOW() - INTERVAL 19 DAY,
    NOW() - INTERVAL 14 DAY
  );
INSERT INTO order_item (
    order_id,
    product_id,
    product_name,
    product_image,
    sku_id,
    sku_name,
    price,
    quantity,
    subtotal
  )
VALUES (
    13,
    26,
    '耐克 Air Max 270',
    'https://img.mall.com/products/airmax270-1.jpg',
    31,
    'Air Max 270 黑白 42',
    1099.00,
    1,
    1099.00
  ),
  (
    13,
    27,
    '阿迪达斯 Ultraboost 26',
    'https://img.mall.com/products/ultraboost26-1.jpg',
    35,
    'Ultraboost 26 核心黑 42',
    1299.00,
    1,
    1299.00
  );
-- 订单 14: 已完成 — 何霞的坚果礼盒
INSERT INTO orders (
    id,
    order_no,
    user_id,
    total_amount,
    status,
    payment_method,
    paid_at,
    address_snapshot,
    shipped_at,
    completed_at,
    is_flash_sale,
    created_at,
    updated_at
  )
VALUES (
    14,
    'ORD20260406001',
    15,
    89.00,
    3,
    'SIMULATED',
    NOW() - INTERVAL 17 DAY,
    '{"receiverName":"何霞","phone":"13912345690","province":"江苏省","city":"苏州市","district":"工业园区","detail":"金鸡湖大道1355号"}',
    NOW() - INTERVAL 16 DAY,
    NOW() - INTERVAL 14 DAY,
    0,
    NOW() - INTERVAL 18 DAY,
    NOW() - INTERVAL 14 DAY
  );
INSERT INTO order_item (
    order_id,
    product_id,
    product_name,
    product_image,
    sku_id,
    sku_name,
    price,
    quantity,
    subtotal
  )
VALUES (
    14,
    29,
    '三只松鼠每日坚果礼盒',
    'https://img.mall.com/products/3squirrels-nuts-1.jpg',
    NULL,
    NULL,
    89.00,
    1,
    89.00
  );
-- 订单 15: 已完成 — 苟车的书
INSERT INTO orders (
    id,
    order_no,
    user_id,
    total_amount,
    status,
    payment_method,
    paid_at,
    address_snapshot,
    shipped_at,
    completed_at,
    is_flash_sale,
    created_at,
    updated_at
  )
VALUES (
    15,
    'ORD20260407001',
    16,
    108.00,
    3,
    'SIMULATED',
    NOW() - INTERVAL 16 DAY,
    '{"receiverName":"苟车","phone":"13912345691","province":"湖南省","city":"长沙市","district":"岳麓区","detail":"麓山南路932号中南大学"}',
    NOW() - INTERVAL 15 DAY,
    NOW() - INTERVAL 12 DAY,
    0,
    NOW() - INTERVAL 17 DAY,
    NOW() - INTERVAL 12 DAY
  );
INSERT INTO order_item (
    order_id,
    product_id,
    product_name,
    product_image,
    sku_id,
    sku_name,
    price,
    quantity,
    subtotal
  )
VALUES (
    15,
    35,
    '《三体》全套',
    'https://img.mall.com/products/threebody-1.jpg',
    NULL,
    NULL,
    108.00,
    1,
    108.00
  );
-- 订单 16: 已完成 — 沈华的平板
INSERT INTO orders (
    id,
    order_no,
    user_id,
    total_amount,
    status,
    payment_method,
    paid_at,
    address_snapshot,
    shipped_at,
    completed_at,
    is_flash_sale,
    created_at,
    updated_at
  )
VALUES (
    16,
    'ORD20260408001',
    17,
    3599.00,
    3,
    'SIMULATED',
    NOW() - INTERVAL 15 DAY,
    '{"receiverName":"沈华","phone":"13912345692","province":"陕西省","city":"西安市","district":"雁塔区","detail":"高新路88号"}',
    NOW() - INTERVAL 14 DAY,
    NOW() - INTERVAL 11 DAY,
    0,
    NOW() - INTERVAL 16 DAY,
    NOW() - INTERVAL 11 DAY
  );
INSERT INTO order_item (
    order_id,
    product_id,
    product_name,
    product_image,
    sku_id,
    sku_name,
    price,
    quantity,
    subtotal
  )
VALUES (
    16,
    37,
    'iPad 第10代',
    'https://img.mall.com/products/ipad10-1.jpg',
    NULL,
    NULL,
    3599.00,
    1,
    3599.00
  );
-- 订单 17: 已支付 — 韩雨的茶叶
INSERT INTO orders (
    id,
    order_no,
    user_id,
    total_amount,
    status,
    payment_method,
    paid_at,
    address_snapshot,
    is_flash_sale,
    created_at,
    updated_at
  )
VALUES (
    17,
    'ORD20260423001',
    18,
    268.00,
    1,
    'SIMULATED',
    NOW() - INTERVAL 1 DAY,
    '{"receiverName":"韩雨","phone":"13912345693","province":"重庆市","city":"重庆市","district":"渝北区","detail":"洪湖西路26号"}',
    0,
    NOW() - INTERVAL 2 DAY,
    NOW() - INTERVAL 1 DAY
  );
INSERT INTO order_item (
    order_id,
    product_id,
    product_name,
    product_image,
    sku_id,
    sku_name,
    price,
    quantity,
    subtotal
  )
VALUES (
    17,
    31,
    '武夷山大红袍',
    'https://img.mall.com/products/dahongpao-1.jpg',
    NULL,
    NULL,
    268.00,
    1,
    268.00
  );
-- 订单 18: 待支付 — test_user 的购物车结算
INSERT INTO orders (
    id,
    order_no,
    user_id,
    total_amount,
    status,
    address_snapshot,
    is_flash_sale,
    created_at,
    updated_at
  )
VALUES (
    18,
    'ORD20260424001',
    19,
    9799.00,
    0,
    '{"receiverName":"test","phone":"13912345694","province":"广东省","city":"深圳市","district":"南山区","detail":"科技中一路腾讯大厦"}',
    0,
    NOW() - INTERVAL 1 DAY,
    NOW() - INTERVAL 1 DAY
  );
INSERT INTO order_item (
    order_id,
    product_id,
    product_name,
    product_image,
    sku_id,
    sku_name,
    price,
    quantity,
    subtotal
  )
VALUES (
    18,
    1,
    '华为 Mate 70 Pro',
    'https://img.mall.com/products/mate70-pro-1.jpg',
    1,
    'Mate 70 Pro 曜金黑 256GB',
    6999.00,
    1,
    6999.00
  ),
  (
    18,
    18,
    '罗技 MX Master 3S',
    'https://img.mall.com/products/mxmaster3s-1.jpg',
    NULL,
    NULL,
    799.00,
    1,
    799.00
  ),
  (
    18,
    33,
    '《Java核心技术 卷I》',
    'https://img.mall.com/products/javacore-1.jpg',
    NULL,
    NULL,
    89.00,
    1,
    89.00
  );
-- 订单 19: 今日订单 — 张三的华为耳机
INSERT INTO orders (
    id,
    order_no,
    user_id,
    total_amount,
    status,
    address_snapshot,
    is_flash_sale,
    created_at,
    updated_at
  )
VALUES (
    19,
    'ORD20260425001',
    3,
    1299.00,
    0,
    '{"receiverName":"张三","phone":"13912345678","province":"广东省","city":"深圳市","district":"南山区","detail":"科技园南区粤海街道100号"}',
    0,
    NOW() - INTERVAL 2 HOUR,
    NOW() - INTERVAL 2 HOUR
  );
INSERT INTO order_item (
    order_id,
    product_id,
    product_name,
    product_image,
    sku_id,
    sku_name,
    price,
    quantity,
    subtotal
  )
VALUES (
    19,
    38,
    '华为 FreeBuds Pro 4',
    'https://img.mall.com/products/freebudspro4-1.jpg',
    NULL,
    NULL,
    1299.00,
    1,
    1299.00
  );
-- 订单 20: 今日订单 — 韩雨的阿迪达斯跑鞋
INSERT INTO orders (
    id,
    order_no,
    user_id,
    total_amount,
    status,
    payment_method,
    paid_at,
    address_snapshot,
    is_flash_sale,
    created_at,
    updated_at
  )
VALUES (
    20,
    'ORD20260425002',
    18,
    1299.00,
    1,
    'SIMULATED',
    NOW() - INTERVAL 1 HOUR,
    '{"receiverName":"韩雨","phone":"13912345693","province":"重庆市","city":"重庆市","district":"渝北区","detail":"洪湖西路26号"}',
    0,
    NOW() - INTERVAL 3 HOUR,
    NOW() - INTERVAL 1 HOUR
  );
INSERT INTO order_item (
    order_id,
    product_id,
    product_name,
    product_image,
    sku_id,
    sku_name,
    price,
    quantity,
    subtotal
  )
VALUES (
    20,
    27,
    '阿迪达斯 Ultraboost 26',
    'https://img.mall.com/products/ultraboost26-1.jpg',
    35,
    'Ultraboost 26 核心黑 42',
    1299.00,
    1,
    1299.00
  );
-- =============================================================
-- 10. 秒杀活动 (flash_sale_event)
-- =============================================================
TRUNCATE TABLE flash_sale_event;
INSERT INTO flash_sale_event (
    id,
    name,
    start_time,
    end_time,
    status,
    remark,
    created_by,
    created_at,
    updated_at
  )
VALUES -- 已结束的活动
  (
    1,
    '五一数码狂欢',
    NOW() - INTERVAL 10 DAY,
    NOW() - INTERVAL 9 DAY,
    2,
    '五一促销，数码产品秒杀专场',
    1,
    NOW() - INTERVAL 30 DAY,
    NOW() - INTERVAL 9 DAY
  ),
  (
    2,
    '618预热专场',
    NOW() - INTERVAL 5 DAY,
    NOW() - INTERVAL 4 DAY,
    2,
    '618年中大促提前抢',
    1,
    NOW() - INTERVAL 25 DAY,
    NOW() - INTERVAL 4 DAY
  ),
  -- 正在进行中的活动
  (
    3,
    '春季焕新家电节',
    NOW() - INTERVAL 1 DAY,
    NOW() + INTERVAL 6 DAY,
    1,
    '春季家电以旧换新秒杀',
    1,
    NOW() - INTERVAL 15 DAY,
    NOW() - INTERVAL 1 DAY
  ),
  (
    4,
    '数码好物限时抢',
    NOW() - INTERVAL 2 HOUR,
    NOW() + INTERVAL 22 HOUR,
    1,
    '每日精选数码好物',
    1,
    NOW() - INTERVAL 10 DAY,
    NOW() - INTERVAL 2 HOUR
  ),
  -- 待开始的活动
  (
    5,
    '五一劳动节大促',
    NOW() + INTERVAL 3 DAY,
    NOW() + INTERVAL 5 DAY,
    0,
    '五一劳动节全场大促',
    1,
    NOW() - INTERVAL 7 DAY,
    NOW()
  ),
  (
    6,
    '618手机狂欢日',
    NOW() + INTERVAL 10 DAY,
    NOW() + INTERVAL 11 DAY,
    0,
    '618手机品类日',
    1,
    NOW() - INTERVAL 5 DAY,
    NOW()
  );
-- =============================================================
-- 11. 秒杀商品 (flash_sale_item)
-- =============================================================
TRUNCATE TABLE flash_sale_item;
INSERT INTO flash_sale_item (
    id,
    event_id,
    product_id,
    flash_price,
    flash_stock,
    limit_per_user,
    status,
    version,
    created_at
  )
VALUES -- 活动1: 五一数码狂欢（已结束）
  (
    1,
    1,
    3,
    4999.00,
    0,
    1,
    1,
    0,
    NOW() - INTERVAL 30 DAY
  ),
  (
    2,
    1,
    8,
    1999.00,
    0,
    2,
    1,
    0,
    NOW() - INTERVAL 30 DAY
  ),
  (
    3,
    1,
    11,
    1499.00,
    0,
    1,
    1,
    0,
    NOW() - INTERVAL 30 DAY
  ),
  -- 活动2: 618预热专场（已结束）
  (
    4,
    2,
    2,
    8999.00,
    0,
    1,
    1,
    0,
    NOW() - INTERVAL 25 DAY
  ),
  (
    5,
    2,
    14,
    10999.00,
    0,
    1,
    1,
    0,
    NOW() - INTERVAL 25 DAY
  ),
  -- 活动3: 春季焕新家电节（进行中）
  (
    6,
    3,
    19,
    2799.00,
    80,
    2,
    1,
    0,
    NOW() - INTERVAL 15 DAY
  ),
  (
    7,
    3,
    20,
    4999.00,
    50,
    1,
    1,
    0,
    NOW() - INTERVAL 15 DAY
  ),
  (
    8,
    3,
    21,
    3999.00,
    40,
    1,
    1,
    0,
    NOW() - INTERVAL 15 DAY
  ),
  (
    9,
    3,
    22,
    3299.00,
    60,
    2,
    1,
    0,
    NOW() - INTERVAL 15 DAY
  ),
  -- 活动4: 数码好物限时抢（进行中）
  (
    10,
    4,
    1,
    5999.00,
    100,
    1,
    1,
    0,
    NOW() - INTERVAL 10 DAY
  ),
  (
    11,
    4,
    6,
    7999.00,
    50,
    1,
    1,
    0,
    NOW() - INTERVAL 10 DAY
  ),
  (
    12,
    4,
    9,
    5299.00,
    30,
    1,
    1,
    0,
    NOW() - INTERVAL 10 DAY
  ),
  (
    13,
    4,
    38,
    999.00,
    200,
    2,
    1,
    0,
    NOW() - INTERVAL 10 DAY
  ),
  -- 活动5: 五一劳动节大促（待开始）
  (
    14,
    5,
    2,
    8499.00,
    200,
    1,
    1,
    0,
    NOW() - INTERVAL 7 DAY
  ),
  (
    15,
    5,
    3,
    4999.00,
    300,
    1,
    1,
    0,
    NOW() - INTERVAL 7 DAY
  ),
  (
    16,
    5,
    4,
    4499.00,
    150,
    1,
    1,
    0,
    NOW() - INTERVAL 7 DAY
  ),
  (
    17,
    5,
    26,
    899.00,
    500,
    2,
    1,
    0,
    NOW() - INTERVAL 7 DAY
  ),
  -- 活动6: 618手机狂欢日（待开始）
  (
    18,
    6,
    1,
    5999.00,
    500,
    1,
    1,
    0,
    NOW() - INTERVAL 5 DAY
  ),
  (
    19,
    6,
    2,
    8499.00,
    300,
    1,
    1,
    0,
    NOW() - INTERVAL 5 DAY
  ),
  (
    20,
    6,
    5,
    7999.00,
    200,
    1,
    1,
    0,
    NOW() - INTERVAL 5 DAY
  );
-- =============================================================
-- 12. 操作日志 (operation_log) — 模拟管理员操作
-- =============================================================
TRUNCATE TABLE operation_log;
INSERT INTO operation_log (
    id,
    operator_id,
    operator_name,
    operator_role,
    module,
    action,
    description,
    target_id,
    request_ip,
    request_url,
    http_method,
    result,
    error_msg,
    duration_ms,
    created_at
  )
VALUES (
    1,
    1,
    'admin',
    3,
    'product',
    'CREATE',
    '创建商品 华为 Mate 70 Pro',
    '1',
    '192.168.1.100',
    '/api/admin/products',
    'POST',
    1,
    NULL,
    234,
    NOW() - INTERVAL 60 DAY
  ),
  (
    2,
    1,
    'admin',
    3,
    'product',
    'CREATE',
    '创建商品 iPhone 16 Pro Max',
    '2',
    '192.168.1.100',
    '/api/admin/products',
    'POST',
    1,
    NULL,
    189,
    NOW() - INTERVAL 60 DAY
  ),
  (
    3,
    1,
    'admin',
    3,
    'category',
    'CREATE',
    '创建分类 智能手机',
    '7',
    '192.168.1.100',
    '/api/admin/categories',
    'POST',
    1,
    NULL,
    56,
    NOW() - INTERVAL 180 DAY
  ),
  (
    4,
    2,
    'operator1',
    2,
    'product',
    'UPDATE',
    '修改商品 小米 15 Ultra 价格',
    '3',
    '192.168.1.101',
    '/api/admin/products/3',
    'PUT',
    1,
    NULL,
    112,
    NOW() - INTERVAL 30 DAY
  ),
  (
    5,
    1,
    'admin',
    3,
    'flash_sale',
    'CREATE',
    '创建秒杀活动 五一数码狂欢',
    '1',
    '192.168.1.100',
    '/api/admin/flash-sales',
    'POST',
    1,
    NULL,
    345,
    NOW() - INTERVAL 30 DAY
  ),
  (
    6,
    1,
    'admin',
    3,
    'user',
    'UPDATE',
    '禁用用户 wujiu',
    '9',
    '192.168.1.100',
    '/api/admin/users/9',
    'PUT',
    1,
    NULL,
    78,
    NOW() - INTERVAL 15 DAY
  ),
  (
    7,
    1,
    'admin',
    3,
    'user',
    'UPDATE',
    '恢复用户 wujiu',
    '9',
    '192.168.1.100',
    '/api/admin/users/9',
    'PUT',
    1,
    NULL,
    67,
    NOW() - INTERVAL 14 DAY
  ),
  (
    8,
    2,
    'operator1',
    2,
    'flash_sale',
    'TOGGLE_STATUS',
    '启动秒杀活动 春季焕新家电节',
    '3',
    '192.168.1.101',
    '/api/admin/flash-sales/3/status',
    'PUT',
    1,
    NULL,
    156,
    NOW() - INTERVAL 1 DAY
  ),
  (
    9,
    2,
    'operator1',
    2,
    'product',
    'TOGGLE_STATUS',
    '下架商品 华为 P70 标准版',
    '36',
    '192.168.1.101',
    '/api/admin/products/36/status',
    'PUT',
    1,
    NULL,
    89,
    NOW() - INTERVAL 10 DAY
  ),
  (
    10,
    1,
    'admin',
    3,
    'product',
    'UPDATE',
    '批量更新商品分类',
    NULL,
    '192.168.1.100',
    '/api/admin/products/batch',
    'PUT',
    1,
    NULL,
    456,
    NOW() - INTERVAL 7 DAY
  ),
  (
    11,
    2,
    'operator1',
    2,
    'flash_sale',
    'CREATE',
    '创建秒杀活动 618手机狂欢日',
    '6',
    '192.168.1.101',
    '/api/admin/flash-sales',
    'POST',
    1,
    NULL,
    234,
    NOW() - INTERVAL 5 DAY
  ),
  (
    12,
    2,
    'operator1',
    2,
    'order',
    'UPDATE',
    '取消超时订单 ORD20260415001',
    '11',
    '192.168.1.101',
    '/api/admin/orders/11/cancel',
    'PUT',
    1,
    NULL,
    123,
    NOW() - INTERVAL 8 DAY
  ),
  (
    13,
    1,
    'admin',
    3,
    'operation_log',
    'DELETE',
    '清理30天前操作日志',
    NULL,
    '192.168.1.100',
    '/api/admin/operation-logs/clean',
    'DELETE',
    1,
    NULL,
    890,
    NOW() - INTERVAL 3 DAY
  ),
  (
    14,
    1,
    'admin',
    3,
    'product',
    'CREATE',
    '创建商品 三只松鼠每日坚果礼盒',
    '29',
    '192.168.1.100',
    '/api/admin/products',
    'POST',
    1,
    NULL,
    167,
    NOW() - INTERVAL 30 DAY
  ),
  (
    15,
    2,
    'operator1',
    2,
    'flash_sale',
    'CREATE',
    '创建秒杀活动 五一劳动节大促',
    '5',
    '192.168.1.101',
    '/api/admin/flash-sales',
    'POST',
    1,
    NULL,
    278,
    NOW() - INTERVAL 7 DAY
  );
-- =============================================================
-- 13. MQ 去重记录 (mq_deduplication) — 已处理的秒杀订单
-- =============================================================
TRUNCATE TABLE mq_deduplication;
INSERT INTO mq_deduplication (
    id,
    message_key,
    message_type,
    status,
    retry_count,
    created_at,
    updated_at
  )
VALUES (
    1,
    'FS2024010112000012345',
    'flash-sale-order',
    1,
    0,
    NOW() - INTERVAL 30 DAY,
    NOW() - INTERVAL 30 DAY
  ),
  (
    2,
    'FS2024010112000012346',
    'flash-sale-order',
    1,
    0,
    NOW() - INTERVAL 30 DAY,
    NOW() - INTERVAL 30 DAY
  ),
  (
    3,
    'FS2024010112000012347',
    'flash-sale-order',
    1,
    0,
    NOW() - INTERVAL 30 DAY,
    NOW() - INTERVAL 30 DAY
  ),
  (
    4,
    'FS2024010112000012348',
    'flash-sale-order',
    1,
    0,
    NOW() - INTERVAL 30 DAY,
    NOW() - INTERVAL 30 DAY
  ),
  (
    5,
    'FS2024010112000012349',
    'flash-sale-order',
    1,
    1,
    NOW() - INTERVAL 29 DAY,
    NOW() - INTERVAL 29 DAY
  ),
  (
    6,
    'FS2024010112000012350',
    'flash-sale-order',
    2,
    3,
    NOW() - INTERVAL 28 DAY,
    NOW() - INTERVAL 28 DAY
  ),
  (
    7,
    'ORD20260401001',
    'order-timeout',
    1,
    0,
    NOW() - INTERVAL 23 DAY,
    NOW() - INTERVAL 23 DAY
  ),
  (
    8,
    'ORD20260415001',
    'order-timeout',
    1,
    0,
    NOW() - INTERVAL 9 DAY,
    NOW() - INTERVAL 9 DAY
  ),
  (
    9,
    'ORD20260412001',
    'order-timeout',
    1,
    0,
    NOW() - INTERVAL 13 DAY,
    NOW() - INTERVAL 13 DAY
  );
-- 恢复外键检查
SET FOREIGN_KEY_CHECKS = 1;
-- =============================================================
-- 完成后验证数据
-- =============================================================
SELECT 'user' AS table_name,
  COUNT(*) AS cnt
FROM user
UNION ALL
SELECT 'category',
  COUNT(*)
FROM category
UNION ALL
SELECT 'brand',
  COUNT(*)
FROM brand
UNION ALL
SELECT 'product',
  COUNT(*)
FROM product
UNION ALL
SELECT 'product_sku',
  COUNT(*)
FROM product_sku
UNION ALL
SELECT 'user_address',
  COUNT(*)
FROM user_address
UNION ALL
SELECT 'cart_item',
  COUNT(*)
FROM cart_item
UNION ALL
SELECT 'orders',
  COUNT(*)
FROM orders
UNION ALL
SELECT 'order_item',
  COUNT(*)
FROM order_item
UNION ALL
SELECT 'flash_sale_event',
  COUNT(*)
FROM flash_sale_event
UNION ALL
SELECT 'flash_sale_item',
  COUNT(*)
FROM flash_sale_item
UNION ALL
SELECT 'operation_log',
  COUNT(*)
FROM operation_log
UNION ALL
SELECT 'mq_deduplication',
  COUNT(*)
FROM mq_deduplication;